player_id,player_name,nation_id,birth_year,position
1,Max Aarons,1,2000,DF
2,Tammy Abraham,1,1997,FW
3,Joshua Acheampong,1,2006,DF
4,Tosin Adarabioyo,1,1997,DF
5,Elijah Adebayo,1,1998,FW
6,Trent Alexander-Arnold,1,1998,DF
7,Jaidon Anthony,1,1999,FW
8,Oliver Arblaster,1,2004,MF
9,Cameron Archer,1,2001,"FW,MF"
10,Cameron Archer,1,2001,MF
11,Ross Barkley,1,1993,MF
12,Harvey Barnes,1,1997,"FW,MF"
13,Chris Basham,1,1988,"DF,MF"
14,Jude Bellingham,1,2003,MF
15,Daniel Bentley,1,1993,GK
16,Luke Berry,1,1992,"MF,DF"
17,Benicio Boaitey,1,2004,"FW,DF"
18,Jayden Bogle,1,2000,DF
19,Jarrod Bowen,1,1996,FW
20,Jarrad Branthwaite,1,2002,DF
21,Rhian Brewster,1,2000,"FW,MF"
22,Andre Brooks,1,2003,"MF,DF"
23,Josh Brownhill,1,1995,MF
24,Reece Burke,1,1996,DF
25,Dan Burn,1,1992,DF
26,Mason Burstow,1,2003,FW
27,Jamie Bynoe-Gittens,1,2004,"FW,MF"
28,Dominic Calvert-Lewin,1,1997,FW
29,Kaelan Casey,1,2004,DF
30,Trevoh Chalobah,1,1999,DF
31,Calum Chambers,1,1995,"MF,DF"
32,Ben Chilwell,1,1996,DF
33,Leon Chiwome,1,2006,FW
34,Carney Chukwuemeka,1,2003,"MF,FW"
35,Bobby Clark,1,2005,MF
36,Jordan Clark,1,1993,MF
37,Nathaniel Clyne,1,1991,DF
38,Levi Colwill,1,2003,DF
39,Lewis Cook,1,1997,MF
40,Jack Cork,1,1989,MF
41,Aaron Cresswell,1,1989,"DF,FW"
42,Jayden Danns,1,2006,FW
43,Josh Dasilva,1,1998,"DF,FW"
44,Tom Davies,1,1998,MF
45,Keinan Davis,1,1998,"FW,MF"
46,Craig Dawson,1,1990,DF
47,Amadou Diallo,1,2003,MF
48,Eric Dier,1,1994,DF
49,Lewis Dobbin,1,2003,MF
50,Jamie Donley,1,2005,FW
51,Alfie Doughty,1,1999,DF
52,Tommy Doyle,1,2001,MF
53,Lewis Dunk,1,1991,DF
54,George Earthy,1,2004,FW
55,Harvey Elliott,1,2003,"MF,FW"
56,Eberechi Eze,1,1998,"MF,FW"
57,Phil Foden,1,2000,"FW,MF"
58,Wes Foderingham,1,1991,GK
59,Omari Forson,1,2004,FW
60,Conor Gallagher,1,2000,MF
61,James Garner,1,2001,MF
62,Morgan Gibbs-White,1,2000,"MF,FW"
63,Alfie Gilchrist,1,2003,DF
64,Ben Godfrey,1,1998,DF
65,Angel Gomes,1,2000,MF
66,Joe Gomez,1,1997,DF
67,Anthony Gordon,1,2001,FW
68,Kaide Gordon,1,2004,FW
69,Daniel Gore,1,2004,MF
70,Jack Grealish,1,1995,"FW,MF"
71,Mason Greenwood,1,2001,"MF,FW"
72,Marc Guehi,1,2000,DF
73,Antwoine Hackford,1,2004,FW
74,Lewis Hall,1,2004,DF
75,Jack Harrison,1,1996,"MF,FW"
76,Dean Henderson,1,1997,GK
77,Rico Henry,1,1997,DF
78,James Hill,1,2002,DF
79,Jack Hinshelwood,1,2005,DF
80,Mason Holgate,1,1996,DF
81,Callum Hudson-Odoi,1,2000,"FW,MF"
82,Will Hughes,1,1995,MF
83,Samuel Iling-Junior,1,2003,"DF,MF"
84,Danny Ings,1,1992,FW
85,Tim Iroegbunam,1,2003,MF
86,Reece James,1,1999,DF
87,Daniel Jebbison,1,2003,FW
88,Ryan John Giles,1,2000,"DF,MF"
89,Ben Johnson,1,2000,"DF,FW"
90,Joseph Johnson,1,2006,DF
91,Sam Johnstone,1,1993,GK
92,Curtis Jones,1,2001,MF
93,Harry Kane,1,1993,FW
94,Michael Keane,1,1993,DF
95,Lloyd Kelly,1,1998,DF
96,Omari Kellyman,1,2005,FW
97,Kaine Kesler-Hayden,1,2002,"MF,DF"
98,Max Kilman,1,1997,DF
99,Ezri Konsa,1,1997,DF
100,Adam Lallana,1,1988,"MF,FW"
101,Jamaal Lascelles,1,1993,DF
102,Rico Lewis,1,2004,"DF,MF"
103,Keane Lewis-Potter,1,2001,"FW,DF"
104,Valentino Livramento,1,2002,DF
105,Ruben Loftus-Cheek,1,1996,MF
106,Sean Longstaff,1,1997,MF
107,Max Lowe,1,1997,"DF,MF"
108,James Maddison,1,1996,MF
109,Noni Madueke,1,2002,FW
110,Harry Maguire,1,1993,DF
111,Kobbie Mainoo,1,2005,MF
112,Ainsley Maitland-Niles,1,1997,"DF,MF"
113,Solly March,1,1994,"FW,DF"
114,Alex Matos,1,2004,MF
115,Remi Matthews,1,1994,GK
116,James Mcatee,1,2002,"MF,FW"
117,James Mcatee,1,2002,MF
118,James McConnell,1,2004,MF
119,Dwight McNeil,1,1999,"MF,FW"
120,Ben Mee,1,1989,DF
121,Teden Mengi,1,2002,DF
122,Lewis Miley,1,2006,MF
123,James Milner,1,1986,"DF,MF"
124,Tyrone Mings,1,1993,DF
125,Tyrick Mitchell,1,1999,"DF,MF"
126,Mikey Moore,1,2007,MF
127,Carlton Morris,1,1995,"FW,MF"
128,Mason Mount,1,1999,"MF,FW"
129,Divin Mubama,1,2004,FW
130,Finley Munroe,1,2005,MF
131,Jacob Murphy,1,1995,"FW,DF"
132,Michael Ndiweni,1,2003,FW
133,Reiss Nelson,1,1999,FW
134,Zack Nelson,1,2004,"MF,DF"
135,Eddie Nketiah,1,1999,FW
136,Ethan Nwaneri,1,2007,FW
137,Odeluga Offiah,1,2002,DF
138,Michael Olakigbe,1,2004,"DF,FW"
139,Tyler Onyango,1,2003,MF
140,Fred Onyedinma,1,1996,"DF,MF"
141,Ben Osborn,1,1994,"DF,MF"
142,David Ozoh,1,2005,"MF,DF"
143,Cole Palmer,1,2002,"FW,MF"
144,Cole Palmer,1,2002,MF
145,Ben Parkinson,1,2005,FW
146,Myles Peart-Harris,1,2002,"DF,MF"
147,Sydie Peck,1,2004,MF
148,Kalvin Phillips,1,1995,MF
149,Jaden Philogene Bidace,1,2002,FW
150,Jordan Pickford,1,1994,GK
151,Nick Pope,1,1992,GK
152,Jarell Quansah,1,2003,DF
153,Jesurun Rak Sakyi,1,2002,"MF,FW"
154,Aaron Ramsdale,1,1998,GK
155,Aaron Ramsey,1,2003,"MF,FW"
156,Jacob Ramsey,1,2001,"FW,MF"
157,Marcus Rashford,1,1997,FW
158,Nathan Redmond,1,1994,"FW,MF"
159,Harrison Reed,1,1995,MF
160,Declan Rice,1,1999,MF
161,Jack Robinson,1,1993,DF
162,Jay Rodriguez,1,1989,FW
163,Morgan Rogers,1,2002,"MF,FW"
164,Joe Rothwell,1,1995,MF
165,Dominic Sadi,1,2003,FW
166,Bukayo Saka,1,2001,FW
167,Jadon Sancho,1,2000,"FW,MF"
168,Dane Scarlett,1,2004,FW
169,Alex Scott,1,2003,MF
170,Luke Shaw,1,1995,DF
171,James Shea,1,1991,GK
172,Oliver Skipp,1,2000,"MF,DF"
173,Chris Smalling,1,1989,DF
174,Adam Smith,1,1991,DF
175,Emile Smith Rowe,1,2000,MF
176,Emran Soglo,1,2005,"MF,DF"
177,Dominic Solanke,1,1997,FW
178,Djed Spence,1,2000,DF
179,Jason Steele,1,1990,GK
180,Raheem Sterling,1,1994,"FW,MF"
181,John Stones,1,1994,"DF,MF"
182,Matt Targett,1,1995,DF
183,James Tarkowski,1,1992,DF
184,Jimi Tauriainen,1,2004,FW
185,Marcus Tavernier,1,1999,FW
186,Charlie Taylor,1,1993,DF
187,Luke Thomas,1,2001,DF
188,Harry Toffolo,1,1995,DF
189,James Tomkins,1,1989,DF
190,Fikayo Tomori,1,1997,DF
191,Ivan Toney,1,1996,FW
192,Andros Townsend,1,1991,"MF,FW"
193,James Trafford,1,2002,GK
194,Kieran Trippier,1,1990,DF
195,Kyle Walker,1,1990,DF
196,Aaron Wan-Bissaka,1,1997,DF
197,Joel Ward,1,1989,DF
198,James Ward-Prowse,1,1994,MF
199,Lewis Warrington,1,2002,FW
200,Ollie Watkins,1,1995,FW
201,Adam Webster,1,1995,DF
202,Danny Welbeck,1,1990,"FW,MF"
203,Adam Wharton,1,2004,MF
204,Ethan Wheatley,1,2006,FW
205,Ben White,1,1997,DF
206,Joe White,1,2002,MF
207,Joe Willock,1,1999,MF
208,Callum Wilson,1,1992,FW
209,Josh Wilson-Esbrand,1,2002,"DF,MF"
210,Cauley Woodrow,1,1994,"FW,MF"
211,Joe Worrall,1,1997,DF
212,Ryan Yates,1,1997,MF
213,Ashley Young,1,1985,"DF,MF"
214,Brenden Aaronson,2,2000,"MF,FW"
215,Paxten Aaronson,2,2003,MF
216,Tyler Adams,2,1999,MF
217,Folarin Balogun,2,2001,FW
218,John Brooks,2,1993,DF
219,Johnny Cardoso,2,2001,MF
220,Timothy Chandler,2,1990,"MF,DF"
221,Joel Imasuen,2,2004,FW
222,Luca de la Torre,2,1998,MF
223,Lennard Maloney,2,1999,MF
224,Weston McKennie,2,1998,"MF,DF"
225,Yunus Musah,2,2002,"MF,FW"
226,Kevin Paredes,2,2003,"FW,MF"
227,Jordan Pefok,2,1996,FW
228,Christian Pulisic,2,1998,"FW,MF"
229,Tim Ream,2,1987,DF
230,Gio Reyna,2,2002,"FW,MF"
231,Gio Reyna,2,2002,"MF,FW"
232,Chris Richards,2,2000,"DF,MF"
233,Antonee Robinson,2,1997,DF
234,Emmanuel Sabbi,2,1997,"FW,MF"
235,Joe Scally,2,2002,DF
236,Auston Trusty,2,1998,DF
237,Matt Turner,2,1994,GK
238,Timothy Weah,2,2000,"DF,FW"
239,Keyliane Abdallah,3,2006,FW
240,Nabil Aberdin,3,2002,DF
241,Laurent Abergel,3,1993,MF
242,Matthis Abline,3,2003,FW
243,Yacine Adli,3,2000,MF
244,Lucien Agoume,3,2002,MF
245,Ruben Aguilar,3,1993,DF
246,Naouirou Ahamada,3,2002,"MF,FW"
247,Ludovic Ajorque,3,1994,FW
248,Marley Ake,3,2001,FW
249,Maghnes Akliouche,3,2002,"MF,FW"
250,Aboubacar Ali,3,2006,"MF,FW"
251,Mohamed Ali Cho,3,2004,"FW,MF"
252,Mohamed Ali Cho,3,2004,FW
253,Nabil Alioui,3,1999,"MF,FW"
254,Skelly Alvero,3,2002,MF
255,Jordan Amavi,3,1994,DF
256,Kelvin Amian,3,1998,DF
257,Benjamin Andre,3,1990,MF
258,Stredair Appuah,3,2004,"FW,MF"
259,Alphonse Areola,3,1993,GK
260,Yoel Armougom,3,1998,"DF,MF"
261,Mohamed El Arouch,3,2004,FW
262,Valentin Atangana Edoa,3,2005,MF
263,Arthur Atta,3,2003,"MF,FW"
264,Neil El Aynaoui,3,2001,MF
265,Loic Bade,3,2000,DF
266,Benoit Badiashile,3,2001,DF
267,Tiemoue Bakayoko,3,1994,MF
268,Dilane Bakwa,3,2002,"FW,MF"
269,Bradley Barcola,3,2002,FW
270,Bradley Barcola,3,2002,"FW,MF"
271,Melvin Bard,3,2000,DF
272,Steven Baseya,3,2005,DF
273,Mohamed Bechikh,3,2005,"FW,MF"
274,Reda Belahyane,3,2004,MF
275,Jean-Ricner Bellegarde,3,1998,"MF,FW"
276,Jeanuel Belocian,3,2005,DF
277,Wissam Ben Yedder,3,1990,FW
278,Ludovic Blas,3,1997,"FW,MF"
279,Alexis Blin,3,1996,MF
280,Sacha Boey,3,2000,DF
281,Warren Bondo,3,2003,MF
282,Saimon Bouabre,3,2006,MF
283,Ayyoub Bouaddi,3,2007,MF
284,Mohamed Bouchenna,3,2006,"MF,FW"
285,Benjamin Bourigeaud,3,1994,"MF,FW"
286,Bilal Boutobba,3,1998,"FW,MF"
287,Hugo Boutsingkham,3,2003,"MF,FW"
288,Lilian Brassier,3,1999,DF
289,Remy Cabella,3,1990,"FW,MF"
290,Anthony Caci,3,1997,DF
291,Mahdi Camara,3,1998,MF
292,Eduardo Camavinga,3,2002,"MF,DF"
293,Axel Camblan,3,2003,FW
294,Gino Caoki,3,2004,MF
295,Etienne Capoue,3,1988,MF
296,Maxence Caqueret,3,2000,MF
297,Irvin Cardona,3,1997,"MF,DF"
298,Antonin Cartillier,3,2004,DF
299,Josue Casimir,3,2001,"FW,DF"
300,Fabien Centonze,3,1996,DF
301,El Chadaille Bitshiabu,3,2005,"DF,MF"
302,Brendan Chardonnet,3,1994,DF
303,Rayan Cherki,3,2003,"MF,FW"
304,Lucas Chevalier,3,2001,GK
305,Joris Chotard,3,2001,MF
306,Djaoui Cisse,3,2004,MF
307,Alexis Claude-Maurice,3,1998,MF
308,Jonathan Clauss,3,1992,DF
309,Marcus Coco,3,1996,"DF,FW"
310,Maxime Colin,3,1991,DF
311,Kingsley Coman,3,1996,FW
312,Alois Confais,3,1996,"MF,FW"
313,Francis Coquelin,3,1991,MF
314,Benoit Costil,3,1987,GK
315,Gregoire Coudert,3,1999,GK
316,Mamadou Coulibaly,3,2004,MF
317,Tanguy Coulibaly,3,2001,"FW,MF"
318,Nicolas Cozza,3,1999,DF
319,Romain Del Castillo,3,1996,FW
320,Thomas Delaine,3,1992,"DF,MF"
321,Sacha Delaye,3,2002,"MF,FW"
322,Ousmane Dembele,3,1997,"MF,FW"
323,Jessy Deminguet,3,1998,"MF,FW"
324,Remy Descamps,3,1996,GK
325,Arthur Desmas,3,1994,GK
326,Moussa Diaby,3,1999,"FW,MF"
327,Mamadou Diakhon,3,2005,"FW,MF"
328,Bafode Diakite,3,2001,DF
329,Mahamadou Diawara,3,2005,MF
330,Guillaume Dietsch,3,2001,GK
331,Lucas Digne,3,1993,DF
332,Junior Dina Ebimbe,3,2000,"MF,DF"
333,Edan Diop,3,2004,"MF,DF"
334,Issa Diop,3,1997,DF
335,Sofiane Diop,3,2000,FW
336,Andy Diouf,3,2003,MF
337,Yehvann Diouf,3,1999,GK
338,Axel Disasi,3,1998,DF
339,Desire Doue,3,2005,"MF,FW"
340,Ismael Doukoure,3,2003,"MF,DF"
341,Odsonne Edouard,3,1998,"FW,MF"
342,Hugo Ekitike,3,2002,FW
343,Simon Elisor,3,1999,FW
344,Maxime Esteve,3,2002,DF
345,Romain Faivre,3,1998,"MF,FW"
346,Ilhan Fakili,3,2006,"MF,FW"
347,Khalil Fayad,3,2004,"FW,MF"
348,Nabil Fekir,3,1993,"MF,FW"
349,Ichem Ferrah,3,2005,FW
350,Jordan Ferri,3,1992,MF
351,Youssouf Fofana,3,1999,MF
352,Dimitri Foulquier,3,1993,"DF,MF"
353,Angelo Fulgini,3,1996,MF
354,Kevin Gameiro,3,1987,"FW,MF"
355,Johan Gastien,3,1988,MF
356,Yann Gboho,3,2001,"MF,FW"
357,Valentin Gendrey,3,2000,DF
358,Fares Ghedjemis,3,2002,"FW,MF"
359,Samuel Gigot,3,1993,DF
360,Olivier Giroud,3,1986,FW
361,Iron Gomis,3,1999,MF
362,Maxime Gonalons,3,1989,MF
363,Mathieu Gorgelin,3,1990,GK
364,Jonathan Gradit,3,1992,DF
365,Samuel Grandsir,3,1996,"MF,FW"
366,Antoine Griezmann,3,1991,"FW,MF"
367,Axel Gueguin,3,2005,"DF,FW"
368,Matteo Guendouzi,3,1999,MF
369,Axel Guessand,3,2004,DF
370,Josuha Guilavogui,3,1990,DF
371,Frederic Guilbert,3,1994,"DF,MF"
372,Malo Gusto,3,2003,DF
373,Thomas Henry,3,1994,FW
374,Lucas Hernandez,3,1996,DF
375,Theo Hernandez,3,1997,DF
376,Franck Honorat,3,1996,"DF,FW"
377,Jonathan Ikone,3,1998,FW
378,Yanis Issoufou,3,2006,MF
379,Jeremy Jacquet,3,2005,MF
380,Jeremy Jacquet,3,2005,DF
381,Antoine Joujou,3,2003,"FW,MF"
382,Christopher Jullien,3,1993,DF
383,Eli Junior Kroupi,3,2006,"FW,MF"
384,Mohamed Kaba,3,2001,MF
385,Abdoul Kader Bamba,3,1994,"FW,MF"
386,Arnaud Kalimuendo,3,2002,FW
387,Pierre Kalulu,3,2000,DF
388,Boubacar Kamara,3,1999,MF
389,Willy Kambwala,3,2004,DF
390,Yann Karamoh,3,1998,"MF,FW"
391,Yann Karamoh,3,1998,"FW,MF"
392,Ayman Kari,3,2004,MF
393,Randal Kolo Muani,3,1998,"FW,MF"
394,Randal Kolo Muani,3,1998,FW
395,Ibrahima Konate,3,1999,DF
396,Abdoul Kone,3,2005,DF
397,Manu Kone,3,2001,MF
398,Therence Koudou,3,2004,DF
399,Jules Kounde,3,1998,DF
400,Sael Kumbedi,3,2005,DF
401,Layvin Kurzawa,3,1992,DF
402,Grejohn Kyei,3,1995,FW
403,Gaetan Laborde,3,1994,"FW,MF"
404,Alexandre Lacazette,3,1991,FW
405,Maxence Lacroix,3,2000,DF
406,Alban Lafont,3,1999,GK
407,Mathis Lambourde,3,2006,FW
408,Julien Laporte,3,1993,DF
409,Armand Lauriente,3,1998,FW
410,Theo Le Bris,3,2002,"DF,MF"
411,Julien Le Cardinal,3,1997,DF
412,Jeremy Le Douaron,3,1998,FW
413,Enzo Le Fee,3,2000,MF
414,Vincent Le Goff,3,1989,"DF,MF"
415,Adrien Lebeau,3,1999,"MF,FW"
416,Jean-Louis Leca,3,1985,GK
417,Benjamin Lecomte,3,1991,GK
418,Pierre Lees-Melou,3,1993,MF
419,Florian Lejeune,3,1991,DF
420,Thomas Lemar,3,1995,MF
421,Clement Lenglet,3,1995,DF
422,Johann Lepenant,3,2002,MF
423,Leo Leroy,3,2000,MF
424,Gautier Lloris,3,1995,DF
425,Bradley Locko,3,2002,DF
426,Andy Logbo,3,2004,FW
427,Enzo Loiodice,3,2000,MF
428,Maxime Lopez,3,1997,MF
429,Anthony Losilla,3,1986,MF
430,Tom Louchet,3,2003,"MF,DF"
431,Castello Lukeba,3,2002,DF
432,Othmane Maamma,3,2005,FW
433,Soungoutou Magassa,3,2003,"DF,MF"
434,Hugo Magnetti,3,1998,MF
435,Yohann Magnin,3,1997,MF
436,Mike Maignan,3,1995,GK
437,Jean-Victor Makengo,3,1998,"MF,FW"
438,Jordy Makengo,3,2001,DF
439,Aaron Malouda,3,2005,FW
440,Hianga Mananga Mbock,3,1999,"MF,FW"
441,Steve Mandanda,3,1985,GK
442,Faitout Maouassa,3,1998,"DF,MF"
443,Faitout Maouassa,3,1998,"MF,DF"
444,Anthony Martial,3,1995,FW
445,Jonas Martin,3,1990,MF
446,Han-Noah Massengo,3,2001,"MF,DF"
447,Jean-Philippe Mateta,3,1997,FW
448,Chrislain Matsima,3,2002,DF
449,Jean Matteo Bahoya,3,2005,"MF,FW"
450,Neal Maupay,3,1996,FW
451,Christian Mawissa,3,2005,DF
452,Senny Mayulu,3,2006,"FW,MF"
453,Youssef Maziz,3,1998,"FW,MF"
454,Ethan Mbappe,3,2006,"MF,DF"
455,Kylian Mbappe,3,1998,FW
456,Christ Mbondi,3,2004,FW
457,Nathanael Mbuku,3,2002,FW
458,Antoine Mendy,3,2004,DF
459,Benjamin Mendy,3,1994,DF
460,Ferland Mendy,3,1995,DF
461,Quentin Merlin,3,2002,DF
462,Bastien Meupiyou,3,2006,DF
463,Lucas Michal,3,2005,FW
464,Enzo Millot,3,2002,"MF,FW"
465,Lucas Mincarelli,3,2004,"DF,MF"
466,Florent Mollet,3,1991,"MF,FW"
467,Enzo Mongo,3,2005,DF
468,Loris Mouyokolo,3,2001,DF
469,Nordi Mukiele,3,1997,DF
470,Junior Mwanga,3,2003,"MF,FW"
471,Kevin N'Doram,3,1996,MF
472,Nathan N'Goumou,3,2000,"FW,MF"
473,Stanley N'Soki,3,1999,DF
474,Bilal Nadir,3,2003,"MF,FW"
475,Michel Ndary Adopo,3,2000,MF
476,Joseph Nduquidi,3,2004,"MF,DF"
477,Steve Ngoura,3,2005,"FW,MF"
478,Tanguy Nianzou,3,2002,DF
479,Niels Nkounkou,3,2000,"DF,MF"
480,Christopher Nkunku,3,1997,"FW,MF"
481,Arnaud Nordin,3,1998,"FW,MF"
482,Gerzino Nyamsi,3,1997,DF
483,Wilson Odobert,3,2004,"MF,FW"
484,Florent Ogier,3,1989,DF
485,Michael Olise,3,2001,"FW,MF"
486,Warmed Omari,3,2000,DF
487,Kassoum Ouattara,3,2004,"DF,FW"
488,Remi Oudin,3,1996,"MF,FW"
489,Pablo Pagis,3,2002,MF
490,Nicolas Pallois,3,1987,DF
491,Benjamin Pavard,3,1996,DF
492,Andy Pelmard,3,2000,DF
493,Aurelien Pelon,3,2004,DF
494,Romain Perraud,3,1997,"DF,FW"
495,Lucas Perrin,3,1998,DF
496,Ronael Pierre-Gabriel,3,1998,DF
497,Alassane Plea,3,1993,"FW,MF"
498,Paul Pogba,3,1993,MF
499,Julien Ponceau,3,2000,MF
500,Adrien Rabiot,3,1995,MF
501,Guillaume Restes,3,2005,GK
502,Remy Riou,3,1987,GK
503,Valentin Rongier,3,1994,MF
504,Valentin Rosier,3,1996,"DF,MF"
505,Anthony Rouault,3,2001,DF
506,Jerome Roussillon,3,1993,DF
507,Wesley Said,3,1995,"FW,MF"
508,Theo Sainte-Luce,3,1998,DF
509,Mamadou Sakho,3,1990,DF
510,Amine Salama,3,2000,FW
511,William Saliba,3,2001,DF
512,Brice Samba,3,1994,GK
513,Junior Sambia,3,1996,"DF,MF"
514,Morgan Sanson,3,1994,MF
515,Baptiste Santamaria,3,1995,MF
516,Mamadou Sarr,3,2005,DF
517,Teji Savanier,3,1991,MF
518,Sofiane Sidi Ali,3,1995,MF
519,Kiliann Sildillia,3,2002,DF
520,Mohamed Simakan,3,2000,DF
521,Moussa Sissoko,3,1989,MF
522,Brandon Soppy,3,2002,DF
523,Florian Sotoca,3,1990,"MF,FW"
524,Boubakary Soumare,3,1999,MF
525,Benjamin Stambouli,3,1990,MF
526,Loum Tchaouna,3,2003,"FW,MF"
527,Aurelien Tchouameni,3,2000,"MF,DF"
528,Mathys Tel,3,2005,"FW,MF"
529,Martin Terrier,3,1997,"FW,MF"
530,Florian Thauvin,3,1993,FW
531,Adrien Thomasson,3,1993,MF
532,Khephren Thuram,3,2001,MF
533,Marcus Thuram,3,1997,FW
534,Jean-Clair Todibo,3,1999,DF
535,Corentin Tolisso,3,1994,MF
536,Souleymane Toure,3,2003,DF
537,Lucas Tousart,3,1997,MF
538,Daouda Traore,3,2006,MF
539,Adrien Truffert,3,2001,DF
540,Matthieu Udol,3,1996,DF
541,Lesley Ugochukwu,3,2004,MF
542,Samuel Umtiti,3,1993,DF
543,Dayot Upamecano,3,1998,DF
544,Raphael Varane,3,1993,DF
545,Jordan Veretout,3,1993,MF
546,Alan Virginius,3,2003,FW
547,Elye Wahi,3,2003,FW
548,Leny Yoro,3,2005,DF
549,Etienne Youte Kinkoue,3,2002,DF
550,Dan-Axel Zagadou,3,1999,DF
551,Yoram Zague,3,2006,DF
552,Warren Zaire-Emery,3,2006,"MF,DF"
553,Nathan Zeze,3,2005,DF
554,Kurt Zouma,3,1994,DF
555,Yunis Abdelhamid,4,1987,DF
556,Zakaria Aboukhlal,4,2000,"MF,FW"
557,Abdel Abqar,4,1999,DF
558,Amine Adli,4,2000,"MF,FW"
559,Nayef Aguerd,4,1996,DF
560,Ilias Akhomach,4,2004,"MF,FW"
561,Selim Amallah,4,1996,"FW,MF"
562,Sofyan Amrabat,4,1996,"MF,DF"
563,Oussama El Azzouzi,4,2001,MF
564,Abdellah Baallal,4,2004,MF
565,Aymen Barkok,4,1998,"MF,FW"
566,Yanis Begraoui,4,2001,"FW,MF"
567,Alaa Bellaarouch,4,2002,GK
568,Eliesse Ben Seghir,4,2005,"MF,FW"
569,Yassine Bounou,4,1991,GK
570,Mehdi Bourabia,4,1991,MF
571,Walid Cheddira,4,1998,FW
572,Achraf Dari,4,1999,"DF,FW"
573,Brahim Diaz,4,1999,"FW,MF"
574,Youssef En-Nesyri,4,1997,FW
575,Abde Ezzalzouli,4,2001,"FW,MF"
576,Abde Ezzalzouli,4,2001,FW
577,Rachad Fettal,4,2005,FW
578,Munir El Haddadi,4,1995,FW
579,Oualid El Hajjam,4,1991,"DF,MF"
580,Achraf Hakimi,4,1998,DF
581,Amine Harit,4,1997,"MF,FW"
582,Salim El Jebari,4,2004,MF
583,Yassine Kechta,4,2002,MF
584,Imran Louza,4,1999,MF
585,Youssef Maleh,4,1998,MF
586,Adam Masina,4,1994,DF
587,Aiman Maurer,4,2004,"MF,FW"
588,Noussair Mazraoui,4,1997,DF
589,Azzedine Ounahi,4,2000,MF
590,Abdellah Raihani,4,2004,FW
591,Chadi Riad,4,2003,DF
592,Amir Richardson,4,2002,MF
593,Ibrahim Salah,4,2001,"FW,MF"
594,Oussama Targhalline,4,2002,MF
595,Anass Zaroury,4,2000,"FW,MF"
596,Salis Abdul Samed,5,2000,MF
597,Nathaniel Adjei,5,2002,DF
598,Joseph Aidoo,5,1995,DF
599,Christopher Antwi-Adjei,5,1994,"FW,MF"
600,Andre Ayew,5,1989,FW
601,Jordan Ayew,5,1991,"FW,MF"
602,Iddrisu Baba,5,1996,MF
603,Alfred Duncan,5,1993,MF
604,Caleb Ekuban,5,1994,FW
605,Emmanuel Gyasi,5,1994,"DF,FW"
606,Mohammed Kudus,5,2000,"FW,MF"
607,Moritz-Broni Kwarteng,5,1998,FW
608,Tariq Lamptey,5,2000,"DF,FW"
609,Braydon Manu,5,1997,MF
610,Abdul Mumin,5,1998,DF
611,Ernest Nuamah,5,2003,"FW,MF"
612,Kasim Nuhu,5,1995,DF
613,Thomas Partey,5,1993,"MF,DF"
614,Mohammed Salisu,5,1999,DF
615,Jeffrey Schlupp,5,1992,"FW,MF"
616,Alidu Seidu,5,2000,DF
617,Antoine Semenyo,5,2000,FW
618,Ibrahim Sulemana,5,2003,MF
619,Benjamin Tetteh,5,1997,"FW,MF"
620,Inaki Williams,5,1994,FW
621,Abner,6,2000,DF
622,Adryelson,6,1998,"DF,FW"
623,Adson,6,2000,"MF,FW"
624,Alisson,6,1992,GK
625,Felipe Anderson,6,1993,"FW,MF"
626,Antony,6,2000,FW
627,Arthur,6,2003,DF
628,Carlos Augusto,6,1999,DF
629,Paulo Azzi,6,1994,"DF,MF"
630,Leo Baptistao,6,1992,FW
631,Lucas Beraldo,6,2003,DF
632,Bernardo,6,1995,DF
633,Angelo Borges,6,2004,"FW,MF"
634,Neto Borges,6,1996,DF
635,Gleison Bremer,6,1997,DF
636,Brenner,6,2000,"MF,FW"
637,Igor Carioca,6,1996,"DF,MF"
638,Diego Carlos,6,1993,DF
639,Casemiro,6,1992,"MF,DF"
640,Charlys,6,2004,MF
641,Joao Costa,6,2005,"MF,FW"
642,Philippe Coutinho,6,1992,"MF,FW"
643,Yan Couto,6,2002,"DF,FW"
644,Matheus Cunha,6,1999,"FW,MF"
645,Danilo,6,2001,MF
646,Danilo,6,1991,DF
647,Dante,6,1983,DF
648,Dodo,6,1998,DF
649,Douglas,6,1997,MF
650,Ederson,6,1993,GK
651,Ederson,6,1999,MF
652,Emerson,6,1999,DF
653,Felipe,6,1989,DF
654,Fernando,6,1987,MF
655,Matheus Franca,6,2004,"MF,FW"
656,Daniel Fuzato,6,1997,GK
657,Joao Gomes,6,2001,MF
658,Bruno Guimaraes,6,1997,MF
659,Henrique,6,1994,DF
660,Luis Henrique,6,2001,"FW,DF"
661,Luiz Henrique,6,2001,FW
662,Matheus Henrique,6,1997,MF
663,Iago,6,1997,DF
664,Igor,6,1998,DF
665,Ismaily,6,1990,DF
666,Jeffinho,6,1999,"FW,MF"
667,Gabriel Jesus,6,1997,FW
668,Juan Jesus,6,1991,DF
669,Joao Pedro,6,2001,"FW,MF"
670,Joelinton,6,1996,"MF,FW"
671,Kaio Jorge,6,2002,FW
672,Willian Jose,6,1991,FW
673,Vinicius Junior,6,2000,FW
674,Kaiky,6,2004,DF
675,Lazaro,6,2002,"FW,MF"
676,Samuel Lino,6,1999,"DF,MF"
677,Renan Lodi,6,1998,DF
678,Lucas,6,2001,DF
679,Douglas Luiz,6,1998,MF
680,Mateus Lusuardi,6,2004,DF
681,Gabriel Magalhaes,6,1997,DF
682,Marcao,6,1996,DF
683,Marquinhos,6,2003,"FW,MF"
684,Marquinhos,6,1994,DF
685,Gabriel Martinelli,6,2001,FW
686,Arthur Melo,6,1996,MF
687,Junior Messias,6,1991,"MF,DF"
688,Eder Militao,6,1998,DF
689,Rodrigo Muniz,6,2001,FW
690,Murillo,6,2002,DF
691,Natan,6,2001,DF
692,Neto,6,1989,GK
693,Lucas Paqueta,6,1997,"FW,MF"
694,Gabriel Paulista,6,1990,DF
695,Andreas Pereira,6,1996,MF
696,Raphinha,6,1996,"FW,MF"
697,Reinier,6,2002,"MF,FW"
698,Alexsandro Ribeiro,6,1999,DF
699,Richarlison,6,1997,FW
700,Rodrygo,6,2001,FW
701,Rogerio,6,1998,DF
702,Vitor Roque,6,2005,FW
703,Ruan,6,1999,DF
704,Alex Sandro,6,1991,DF
705,Andrey Santos,6,2004,MF
706,Savio,6,2004,"FW,MF"
707,Caio Henrique Oliveira Silva,6,1997,DF
708,Thiago Silva,6,1984,DF
709,Jailson Siqueira,6,1995,"DF,MF"
710,Danilo Soares,6,1991,DF
711,Vinicius Souza,6,1999,MF
712,Gabriel Strefezza,6,1997,FW
713,Tuta,6,1999,DF
714,Vanderson,6,2001,DF
715,Carlos Vinicius,6,1995,FW
716,Vitinho,6,1999,"DF,MF"
717,Walace,6,1995,MF
718,Deivid Washington,6,2005,"DF,FW"
719,Willian,6,1988,FW
720,Francesco Acerbi,7,1988,DF
721,Lorenzo Amatucci,7,2004,MF
722,Simone Aresti,7,1986,GK
723,Emil Audero,7,1997,GK
724,Tommaso Augello,7,1994,DF
725,Nicola Bagnolini,7,2004,GK
726,Tommaso Baldanzi,7,2003,"MF,FW"
727,Tommaso Baldanzi,7,2003,"FW,MF"
728,Mattia Bani,7,1993,DF
729,Nicolo Barella,7,1997,MF
730,Davide Bartesaghi,7,2005,"DF,MF"
731,Federico Baschirotto,7,1996,DF
732,Alessandro Bastoni,7,1999,DF
733,Simone Bastoni,7,1996,"MF,DF"
734,Raoul Bellanova,7,2000,DF
735,Andrea Belotti,7,1993,FW
736,Domenico Berardi,7,1994,FW
737,Davide Bettella,7,2000,MF
738,Cristiano Biraghi,7,1992,DF
739,Davide Biraschi,7,1994,DF
740,Samuele Birindelli,7,1999,DF
741,Giacomo Bonaventura,7,1989,MF
742,Federico Bonazzoli,7,1997,"FW,MF"
743,Giovanni Bonfanti,7,2003,DF
744,Kevin Bonifazi,7,1996,DF
745,Leonardo Bonucci,7,1987,DF
746,Gennaro Borrelli,7,2000,FW
747,Edoardo Bove,7,2002,MF
748,Marco Brescianini,7,2000,MF
749,Alessandro Buongiorno,7,1999,DF
750,Davide Calabria,7,1996,DF
751,Riccardo Calafiori,7,2002,DF
752,Mattia Caldara,7,1994,DF
753,Luca Caldirola,7,1991,DF
754,Francesco Camarda,7,2008,FW
755,Nicolo Cambiaghi,7,2000,"FW,MF"
756,Andrea Cambiaso,7,2000,"DF,FW"
757,Matteo Cancellieri,7,2002,"FW,MF"
758,Antonio Candreva,7,1987,"MF,FW"
759,Luigi Canotto,7,1994,FW
760,Gianluca Caprari,7,1993,"MF,FW"
761,Elia Caprile,7,2001,GK
762,Francesco Caputo,7,1987,FW
763,Andrea Carboni,7,2001,DF
764,Marco Carnesecchi,7,2000,GK
765,Cesare Casadei,7,2003,"FW,MF"
766,Nicolo Casale,7,1998,DF
767,Giuseppe Caso,7,1998,"FW,MF"
768,Gaetano Castrovilli,7,1997,"FW,MF"
769,Danilo Cataldi,7,1994,MF
770,Michele Cerofolini,7,1999,GK
771,Alberto Cerri,7,1996,FW
772,Leonardo Cerri,7,2003,DF
773,Fabio Chiarodia,7,2005,DF
774,Federico Chiesa,7,1997,FW
775,Alphadjo Cisse,7,2006,FW
776,Giorgio Cittadini,7,2002,DF
777,Patrick Ciurria,7,1995,"DF,MF"
778,Lorenzo Colombo,7,2002,FW
779,Andrea Colpani,7,1999,"MF,FW"
780,Pietro Comuzzo,7,2005,"DF,FW"
781,Andrea Consigli,7,1987,GK
782,Nikita Contini Baranovsky,7,1996,GK
783,Diego Coppola,7,2003,DF
784,Tommaso Corazza,7,2004,DF
785,Giacomo Corona,7,2004,FW
786,Alessio Cragno,7,1994,GK
787,Bryan Cristante,7,1995,"MF,DF"
788,Danilo D'Ambrosio,7,1988,DF
789,Matteo Darmian,7,1989,DF
790,Mattia De Sciglio,7,1992,DF
791,Lorenzo De Silvestri,7,1988,DF
792,Alessandro Deiola,7,1995,MF
793,Alessandro Dellavalle,7,2004,DF
794,Mattia Destro,7,1991,"FW,MF"
795,Federico Di Francesco,7,1994,"FW,MF"
796,Raffaele Di Gennaro,7,1993,GK
797,Michele Di Gregorio,7,1997,GK
798,Giovanni Di Lorenzo,7,1993,DF
799,Alessandro Di Pardo,7,1999,"DF,MF"
800,Federico Dimarco,7,1997,DF
801,Giulio Donati,7,1990,DF
802,Gianluigi Donnarumma,7,1999,GK
803,Alberto Dossena,7,1998,DF
804,Giovanni Fabbian,7,2003,"MF,FW"
805,Nicolo Fagioli,7,2001,MF
806,Wladimiro Falcone,7,1995,GK
807,Davide Faraoni,7,1991,DF
808,Jacopo Fazzini,7,2003,MF
809,Luiz Felipe,7,1997,DF
810,Andrea Ferraris,7,2003,MF
811,Seydou Fini,7,2006,"DF,FW"
812,Vincenzo Fiorillo,7,1990,GK
813,Alessandro Florenzi,7,1991,DF
814,Michael Folorunsho,7,1998,"MF,FW"
815,Davide Frattesi,7,1999,MF
816,Gerardo Fusco,7,2005,FW
817,Matteo Gabbia,7,1999,DF
818,Gianluca Gaetano,7,2000,"FW,MF"
819,Gianluca Gaetano,7,2000,MF
820,Roberto Gagliardini,7,1994,"MF,DF"
821,Antonino Gallo,7,2000,DF
822,Luca Garritano,7,1994,"MF,DF"
823,Federico Gatti,7,1998,DF
824,Francesco Gelli,7,1996,"MF,DF"
825,Luca Gemello,7,2000,GK
826,Edoardo Goldaniga,7,1993,DF
827,Pierluigi Gollini,7,1995,GK
828,Alberto Grassi,7,1995,MF
829,Vincenzo Grifo,7,1993,"MF,FW"
830,Ciro Immobile,7,1990,FW
831,Armando Izzo,7,1992,DF
832,Jorginho,7,1991,MF
833,Michael Kayode,7,2004,DF
834,Moise Kean,7,2000,FW
835,Luca Koleosho,7,2004,"MF,FW"
836,Justin Kumi,7,2004,FW
837,Manuel Lazzari,7,1993,DF
838,Nicola Leali,7,1993,GK
839,Luca Lipani,7,2005,MF
840,Manuel Locatelli,7,1998,MF
841,Matteo Lovato,7,2000,DF
842,Lorenzo Lucca,7,2000,FW
843,Sebastiano Luperto,7,1996,DF
844,Giulio Maggiore,7,1998,MF
845,Giangiacomo Magnani,7,1995,DF
846,Daniel Maldini,7,2001,"MF,FW"
847,Daniel Maldini,7,2001,"FW,MF"
848,Gianluca Mancini,7,1996,DF
849,Marco Mancosu,7,1988,"MF,FW"
850,Rolando Mandragora,7,1997,MF
851,Vito Mannone,7,1988,GK
852,Riccardo Marchizza,7,1998,DF
853,Gian Marco Ferrari,7,1992,DF
854,Luca Mazzitelli,7,1995,MF
855,Pasquale Mazzocchi,7,1995,DF
856,Leonardo Mendicino,7,2006,MF
857,Alex Meret,7,1997,GK
858,Kevin Miranda,7,2003,DF
859,Antonio Mirante,7,1983,GK
860,Fabio Miretti,7,2003,MF
861,Filippo Missori,7,2004,DF
862,Ilario Monterisi,7,2001,DF
863,Lorenzo Montipo,7,1996,GK
864,Samuele Mulattieri,7,2000,"FW,MF"
865,Lapo Nava,7,2004,GK
866,Cher Ndour,7,2004,MF
867,Hans Nicolussi Caviglia,7,2000,MF
868,Angelo Ogbonna,7,1988,DF
869,Caleb Okoli,7,2001,DF
870,Gaetano Oristanio,7,2002,"FW,MF"
871,Riccardo Orsolini,7,1997,"FW,MF"
872,Simone Pafundi,7,2006,MF
873,Riccardo Pagano,7,2004,"MF,DF"
874,Emerson Palmieri,7,1994,DF
875,Fabiano Parisi,7,2000,DF
876,Leonardo Pavoletti,7,1988,FW
877,Pietro Pellegri,7,2001,FW
878,Lorenzo Pellegrini,7,1996,MF
879,Luca Pellegrini,7,1999,DF
880,Simone Perilli,7,1995,GK
881,Mattia Perin,7,1992,GK
882,Samuele Perisan,7,1997,GK
883,Matteo Pessina,7,1997,MF
884,Andrea Petagna,7,1995,FW
885,Giuseppe Pezzella,7,1997,DF
886,Roberto Piccoli,7,2001,FW
887,Niccolo Pierozzi,7,2001,DF
888,Andrea Pinamonti,7,1999,FW
889,Carlo Pinsoglio,7,1990,GK
890,Lorenzo Pirola,7,2002,DF
891,Niccolo Pisilli,7,2004,MF
892,Tommaso Pobega,7,1999,MF
893,Matteo Politano,7,1993,FW
894,Matteo Prati,7,2003,MF
895,Ivan Provedel,7,1994,GK
896,Luca Ranieri,7,1999,DF
897,Filippo Ranocchia,7,2001,"MF,DF"
898,Giacomo Raspadori,7,2000,"FW,MF"
899,Federico Ravaglia,7,1999,GK
900,Mateo Retegui,7,1999,FW
901,Samuele Ricci,7,2001,MF
902,Alessio Romagnoli,7,1995,DF
903,Simone Romagnoli,7,1990,DF
904,Francesco Rossi,7,1991,GK
905,Nicolo Rovella,7,2001,MF
906,Daniele Rugani,7,1994,DF
907,Matteo Ruggeri,7,2002,DF
908,Stefano Sabelli,7,1993,DF
909,Nicola Sansone,7,1991,"FW,MF"
910,Riccardo Saponara,7,1991,"FW,MF"
911,Giorgio Scalvini,7,2003,DF
912,Gianluca Scamacca,7,1999,FW
913,Simone Scuffet,7,1996,GK
914,Nikola Sekulov,7,2002,FW
915,Stefano Sensi,7,1995,MF
916,Stephan El Shaarawy,7,1992,"FW,DF"
917,Marco Silvestri,7,1991,GK
918,Andrea Sodero,7,2004,MF
919,Daniele Sommariva,7,1997,GK
920,Alessandro Sorrentino,7,2002,GK
921,Riccardo Sottil,7,1999,FW
922,Leonardo Spinazzola,7,1993,DF
923,Marco Sportiello,7,1992,GK
924,Filippo Terracciano,7,2003,DF
925,Filippo Terracciano,7,2003,"DF,FW"
926,Pietro Terracciano,7,1990,GK
927,Rafael Toloi,7,1990,DF
928,Sandro Tonali,7,2000,MF
929,Fabio Torsiello,7,2005,"FW,DF"
930,Stefano Turati,7,2001,GK
931,Destiny Udogie,7,2002,DF
932,Emanuele Valeri,7,1998,DF
933,Lorenzo Venuti,7,1995,DF
934,Simone Verdi,7,1992,FW
935,Guglielmo Vicario,7,1996,GK
936,Emanuel Vignato,7,2000,"MF,FW"
937,Samuele Vignato,7,2004,"MF,FW"
938,Nicolas Viola,7,1989,"MF,FW"
939,Mattia Viti,7,2002,DF
940,Alessandro Vogliacco,7,1998,DF
941,Cristian Volpato,7,2003,"MF,FW"
942,Kelvin Yeboah,7,2000,FW
943,Mattia Zaccagni,7,1995,"FW,MF"
944,Nicolo Zaniolo,7,1999,"FW,MF"
945,Alessandro Zanoli,7,2000,DF
946,Alessandro Zanoli,7,2000,"DF,FW"
947,Gabriele Zappa,7,1999,DF
948,Davide Zappacosta,7,1992,DF
949,Alessio Zerbin,7,1999,"DF,FW"
950,Alessio Zerbin,7,1999,"FW,DF"
951,Kevin Zeroli,7,2005,MF
952,Nadir Zortea,7,1999,DF
953,Marcos Acuna,8,1991,DF
954,Carlos Alcaraz,8,2002,MF
955,Tadeo Allende,8,1999,"MF,FW"
956,Julian Alvarez,8,2000,"MF,FW"
957,Bruno Amione,8,2002,DF
958,Fabrizio Angileri,8,1994,"DF,MF"
959,Ezequiel Avila,8,1994,"FW,MF"
960,Ezequiel Avila,8,1994,FW
961,Leonardo Balerdi,8,1999,DF
962,Valentin Barco,8,2004,"DF,FW"
963,Enzo Barrenechea,8,2001,MF
964,Augusto Batalla,8,1996,GK
965,Lucas Beltran,8,2001,"FW,MF"
966,Lucas Boye,8,1996,FW
967,Facundo Buonanotte,8,2004,"FW,MF"
968,Valentin Carboni,8,2005,"MF,FW"
969,Valentin Castellanos,8,1998,FW
970,Santiago Castro,8,2004,FW
971,Franco Cervi,8,1994,"MF,DF"
972,Angel Correa,8,1995,"FW,MF"
973,Joaquin Correa,8,1994,"FW,MF"
974,Juan Cruz,8,1999,"FW,MF"
975,Rodrigo De Paul,8,1994,MF
976,Nicolas Dominguez,8,1998,"MF,FW"
977,Nicolas Dominguez,8,1998,MF
978,Paulo Dybala,8,1993,"FW,MF"
979,Gonzalo Escalante,8,1993,MF
980,Federico Fazio,8,1987,DF
981,Enzo Fernandez,8,2001,MF
982,Juan Foyth,8,1998,DF
983,Alejandro Garnacho,8,2004,FW
984,Federico Gattoni,8,1999,"DF,FW"
985,Paulo Gazzaniga,8,1992,GK
986,Lautaro Gianetti,8,1993,DF
987,Papu Gomez,8,1988,"MF,FW"
988,Nicolas Gonzalez,8,1998,FW
989,Gino Infantino,8,2003,MF
990,Erik Lamela,8,1992,"FW,MF"
991,Jeremias Ledesma,8,1993,GK
992,Giovani Lo Celso,8,1996,MF
993,Jose Luis Palomino,8,1990,DF
994,Alexis Mac Allister,8,1998,MF
995,Julian Malatini,8,2001,DF
996,Agustin Martegani,8,2000,MF
997,Emiliano Martinez,8,1992,GK
998,Lautaro Martinez,8,1997,FW
999,Lisandro Martinez,8,1998,DF
1000,Lucas Martinez Quarta,8,1996,DF
1001,Facundo Medina,8,1999,DF
1002,Ignacio Miramon,8,2003,MF
1003,Nahuel Molina,8,1998,DF
1004,Gonzalo Montiel,8,1997,DF
1005,Juan Musso,8,1994,GK
1006,Lucas Ocampos,8,1994,"FW,MF"
1007,Exequiel Palacios,8,1998,MF
1008,Joaquin Panichelli,8,2002,"FW,MF"
1009,Leandro Paredes,8,1994,MF
1010,Martin Payero,8,1998,MF
1011,Nicolas Paz,8,2004,"MF,FW"
1012,Roberto Pereyra,8,1991,"FW,MF"
1013,Nehuen Perez,8,2000,DF
1014,Maximo Perrone,8,2003,MF
1015,German Pezzella,8,1991,DF
1016,Santiago Pierotti,8,2001,"MF,FW"
1017,Lucas Robertone,8,1997,MF
1018,Guido Rodriguez,8,1994,MF
1019,Cristian Romero,8,1998,DF
1020,Luka Romero,8,2004,"FW,MF"
1021,Luka Romero,8,2004,FW
1022,Marcos Senesi,8,1997,DF
1023,Giovanni Simeone,8,1995,FW
1024,Giuliano Simeone,8,2002,FW
1025,Matias Soule,8,2003,"FW,MF"
1026,Nicolas Tagliafico,8,1992,DF
1027,Nahuel Tenaglia,8,1996,DF
1028,Oscar Trejo,8,1988,"FW,MF"
1029,Alejo Veliz,8,2003,FW
1030,Benie Adama Traore,9,2002,"FW,MF"
1031,Simon Adingra,9,2002,FW
1032,Emmanuel Agbadou,9,1997,DF
1033,Paul Akouokou,9,1997,MF
1034,Jean-Daniel Akpa-Akpro,9,1992,MF
1035,Serge Aurier,9,1992,"DF,MF"
1036,Eric Bailly,9,1994,DF
1037,Jonathan Bamba,9,1996,"MF,FW"
1038,Mohamed Bamba,9,2001,FW
1039,Chris Bedia,9,1996,"FW,MF"
1040,Jeremie Boga,9,1997,FW
1041,Willy Boly,9,1991,DF
1042,Maxwel Cornet,9,1996,"MF,FW"
1043,Trevis Dago,9,2005,"FW,MF"
1044,David Datro Fofana,9,2002,FW
1045,David Datro Fofana,9,2002,"FW,MF"
1046,Oumar Diakite,9,2003,FW
1047,Amad Diallo,9,2002,"FW,MF"
1048,Sinaly Diomande,9,2001,DF
1049,Koffi Djidji,9,1992,DF
1050,Guela Doue,9,2002,DF
1051,Jean Frederic N'Guessan,9,2003,"MF,FW"
1052,Evann Guessand,9,2001,FW
1053,Sebastien Haller,9,1994,FW
1054,Hamed Junior Traore,9,2000,MF
1055,Hassane Kamara,9,1994,DF
1056,Odilon Kossonou,9,2001,DF
1057,Christian Kouame,9,1997,FW
1058,Koffi Kouao,9,1998,DF
1059,Joshua M'Bahia,9,2005,MF
1060,Habib Maiga,9,1996,"MF,FW"
1061,Bamo Meite,9,2001,DF
1062,Dion Moise Sahi,9,2001,"MF,FW"
1063,Obite N'Dicka,9,1999,DF
1064,Christopher Operi,9,1997,DF
1065,Patrick Ouotro,9,2005,FW
1066,Ibrahim Sangare,9,1997,MF
1067,Wilfried Singo,9,2000,DF
1068,Abakar Sylla,9,2002,DF
1069,Chaka Traore,9,2004,FW
1070,Ismael Traore,9,1986,DF
1071,Luc Zogbe,9,2005,DF
1072,Akor Adams,10,2000,FW
1073,Ola Aina,10,1996,DF
1074,Ebenezer Akinsanmiro,10,2004,MF
1075,David Akpan Ankeye,10,2002,FW
1076,Kevin Akpoguma,10,1995,DF
1077,Taiwo Awoniyi,10,1997,FW
1078,Calvin Bassey,10,1999,DF
1079,Victor Boniface,10,2000,FW
1080,Samuel Chukwueze,10,1999,FW
1081,Tyronne Ebuehi,10,1995,DF
1082,Chukwubuikem Ikwuemesi,10,2001,FW
1083,Bonke Innocent,10,1996,MF
1084,Alex Iwobi,10,1996,MF
1085,Alex Iwobi,10,1996,"FW,MF"
1086,Ademola Lookman,10,1997,"FW,MF"
1087,Terem Moffi,10,1999,FW
1088,Simeon Nwankwo,10,1992,FW
1089,David Okereke,10,1997,"FW,MF"
1090,Maduka Okoye,10,1999,GK
1091,Frank Onyeka,10,1998,MF
1092,Gift Orban,10,2002,FW
1093,Gabriel Osho,10,1998,DF
1094,Victor Osimhen,10,1998,FW
1095,Umar Sadiq,10,1997,FW
1096,Moses Simon,10,1995,"FW,MF"
1097,Isaac Success,10,1996,"FW,MF"
1098,Nathan Tella,10,1999,"DF,MF"
1099,Junior Adamu,11,2001,"FW,MF"
1100,David Alaba,11,1992,DF
1101,Marko Arnautovic,11,1989,FW
1102,Christoph Baumgartner,11,1999,"MF,FW"
1103,Muhammed Cham,11,2000,"MF,FW"
1104,Flavius Daniliuc,11,2001,DF
1105,Kevin Danso,11,1998,DF
1106,Nikola Dovedan,11,1994,"MF,FW"
1107,Marco Friedl,11,1998,DF
1108,Adrian Grbic,11,1996,FW
1109,Michael Gregoritsch,11,1994,FW
1110,Florian Grillitsch,11,1995,"DF,MF"
1111,Mathias Honsak,11,1996,"FW,MF"
1112,Florian Kainz,11,1992,"MF,FW"
1113,Sasa Kalajdzic,11,1997,FW
1114,Emir Karic,11,1997,DF
1115,Christoph Klarer,11,2000,DF
1116,Konrad Laimer,11,1997,"DF,MF"
1117,Stefan Lainer,11,1992,"DF,MF"
1118,Valentino Lazaro,11,1996,"DF,MF"
1119,Philipp Lienhart,11,1996,DF
1120,Dejan Ljubicic,11,1997,"MF,FW"
1121,Phillipp Mwene,11,1994,DF
1122,Karim Onisiwo,11,1992,"FW,MF"
1123,Pavao Pervan,11,1987,GK
1124,Stefan Posch,11,1997,DF
1125,Marcel Sabitzer,11,1994,MF
1126,Xaver Schlager,11,1997,MF
1127,Romano Schmid,11,2000,"MF,FW"
1128,Nicolas Seiwald,11,2001,MF
1129,Kevin Stoger,11,1993,MF
1130,Christopher Trimmel,11,1987,DF
1131,Patrick Wimmer,11,2001,"FW,MF"
1132,Maximilian Wober,11,1998,DF
1133,Sargis Adamyan,12,1993,"FW,MF"
1134,Henrikh Mkhitaryan,12,1989,MF
1135,Grant Ranos,12,2003,"MF,FW"
1136,Karim Adeyemi,13,2002,"FW,MF"
1137,Felix Agu,13,1999,"DF,MF"
1138,Faride Alidou,13,2001,"FW,MF"
1139,Nadiem Amiri,13,1996,MF
1140,Kofi Amoako,13,2005,MF
1141,Robert Andrich,13,1994,"MF,DF"
1142,Waldemar Anton,13,1996,DF
1143,Maximilian Arnold,13,1994,MF
1144,Noah Atubolu,13,2002,GK
1145,Yann Aurel Bisseck,13,2000,DF
1146,Matthias Bader,13,1997,"DF,MF"
1147,Ridle Baku,13,1998,"DF,MF"
1148,Samuel Bamba,13,2004,FW
1149,Daniel Batz,13,1991,GK
1150,Maximilian Bauer,13,2000,DF
1151,Elias Baum,13,2005,"DF,MF"
1152,Oliver Baumann,13,1990,GK
1153,Adrian Beck,13,1997,"MF,FW"
1154,Kevin Behrens,13,1991,FW
1155,Maximilian Beier,13,2002,"FW,MF"
1156,Stefan Bell,13,1991,DF
1157,Mergim Berisha,13,1998,FW
1158,Jan-Niklas Beste,13,1999,"FW,MF"
1159,Jordan Beyer,13,2000,DF
1160,Tom Bischof,13,2005,"MF,FW"
1161,Leonardo Bittencourt,13,1993,MF
1162,Hendry Blank,13,2004,DF
1163,Janis Blaswich,13,1991,GK
1164,Jerome Boateng,13,1988,DF
1165,Julian Brandt,13,1996,"MF,FW"
1166,Fabian Bredlow,13,1995,GK
1167,Tim Breithaupt,13,2002,MF
1168,Maximilian Breunig,13,2000,FW
1169,Bennit Broger,13,2006,FW
1170,Moritz Broschinski,13,2000,FW
1171,Alexander Brunst,13,1995,GK
1172,Marius Bulter,13,1993,"DF,FW"
1173,Jonathan Burkardt,13,2000,"FW,MF"
1174,Marnon Busch,13,1994,DF
1175,Emre Can,13,1994,"MF,DF"
1176,Julian Chabot,13,1998,DF
1177,Nnamdi Collins,13,2004,DF
1178,Bambase Conte,13,2003,"MF,FW"
1179,Danny da Costa,13,1993,DF
1180,Finn Dahmen,13,1998,GK
1181,Mahmoud Dahoud,13,1996,MF
1182,Lukas Daschner,13,1998,"MF,FW"
1183,Diego Demme,13,1991,MF
1184,Samuele Di Benedetto,13,2005,MF
1185,Justin Diehl,13,2004,"FW,MF"
1186,Florian Dietz,13,1998,"FW,MF"
1187,Eren Dinkci,13,2001,"FW,MF"
1188,Niklas Dorsch,13,1998,MF
1189,Damion Downs,13,2004,"FW,MF"
1190,Tim Drexler,13,2005,DF
1191,Marvin Ducksch,13,1994,FW
1192,Maximilian Eggestein,13,1996,MF
1193,Lilian Egloff,13,2002,"MF,DF"
1194,Ohis Felix Uduokhai,13,1997,DF
1195,Max Finkgrafe,13,2004,"DF,FW"
1196,Kilian Fischer,13,2000,"DF,MF"
1197,Jonas Fohrenbach,13,1996,DF
1198,Philipp Forster,13,1995,"MF,FW"
1199,Marvin Friedrich,13,1995,DF
1200,Chris Fuhrich,13,1998,"FW,MF"
1201,Niclas Fullkrug,13,1993,FW
1202,Dennis Geiger,13,1998,MF
1203,Yannick Gerhardt,13,1994,"MF,DF"
1204,Benedikt Gimber,13,1997,DF
1205,Matthias Ginter,13,1994,DF
1206,Serge Gnabry,13,1995,"FW,MF"
1207,Leon Goretzka,13,1995,MF
1208,Robin Gosens,13,1994,"DF,MF"
1209,Mario Gotze,13,1992,MF
1210,Jens Grahl,13,1988,GK
1211,Christian Gro,13,1989,"DF,MF"
1212,Pascal Gro,13,1991,"MF,DF"
1213,Brajan Gruda,13,2004,"MF,FW"
1214,Manuel Gulde,13,1991,DF
1215,Ilkay Gundogan,13,1990,MF
1216,Christian Gunter,13,1993,DF
1217,Janik Haberer,13,1994,"MF,DF"
1218,Robin Hack,13,1998,"FW,MF"
1219,Kai Havertz,13,1999,"MF,FW"
1220,Dominique Heintz,13,1993,DF
1221,Benjamin Henrichs,13,1997,DF
1222,Patrick Herrmann,13,1991,"FW,DF"
1223,Nicolas Hofler,13,1990,MF
1224,Jonas Hofmann,13,1992,MF
1225,Philipp Hofmann,13,1993,FW
1226,Lucas Holer,13,1994,"FW,MF"
1227,Fabian Holland,13,1990,"MF,DF"
1228,Benedict Hollerbach,13,2001,"FW,MF"
1229,Timo Hubers,13,1996,DF
1230,Mats Hummels,13,1988,DF
1231,Arijon Ibrahimovic,13,2005,"FW,DF"
1232,Paul Jaeckel,13,1998,DF
1233,Vitaly Janelt,13,1998,"MF,DF"
1234,Tony Jantschke,13,1990,"DF,MF"
1235,Moritz Jenz,13,1999,DF
1236,Anthony Jung,13,1991,DF
1237,Julian Justvan,13,1998,"FW,MF"
1238,Julian Justvan,13,1998,"MF,FW"
1239,Atakan Karazor,13,1996,MF
1240,Loris Karius,13,1993,GK
1241,Thilo Kehrer,13,1996,"DF,MF"
1242,Thilo Kehrer,13,1996,DF
1243,Yannik Keitel,13,2000,"DF,MF"
1244,Thomas Keller,13,1999,"MF,FW"
1245,Aljoscha Kemlein,13,2004,MF
1246,Tobias Kempe,13,1989,MF
1247,Reda Khadra,13,2001,"FW,MF"
1248,Rani Khedira,13,1994,MF
1249,Luca Kilian,13,1999,DF
1250,Joshua Kimmich,13,1995,"MF,DF"
1251,Tim Kleindienst,13,1995,FW
1252,Lukas Klostermann,13,1996,DF
1253,Ansgar Knauff,13,2002,"MF,DF"
1254,Robin Knoche,13,1992,DF
1255,Robin Koch,13,1996,DF
1256,Dominik Kohr,13,1994,"DF,MF"
1257,Mert Komur,13,2005,"MF,DF"
1258,Christoph Kramer,13,1991,MF
1259,Frans Kratzig,13,2003,DF
1260,Tom Krau,13,2001,MF
1261,Toni Kroos,13,1990,MF
1262,Lukas Kubler,13,1992,DF
1263,Christian Kuhlwetter,13,1996,MF
1264,Maxim Leitsch,13,1998,DF
1265,Bernd Leno,13,1992,GK
1266,Christopher Lenz,13,1994,"DF,MF"
1267,Christopher Lenz,13,1994,DF
1268,Jamie Leweling,13,2001,"FW,MF"
1269,Andreas Luthe,13,1987,GK
1270,Arne Maier,13,1999,MF
1271,Linton Maina,13,1999,"FW,MF"
1272,Patrick Mainka,13,1994,DF
1273,David Mamutovic,13,2000,"FW,DF"
1274,Eric Martel,13,2002,MF
1275,Roberto Massimo,13,2000,"FW,DF"
1276,Philipp Max,13,1993,DF
1277,Marvin Mehlem,13,1997,MF
1278,Alexander Meyer,13,1991,GK
1279,Sven Michel,13,1990,"FW,MF"
1280,Maximilian Mittelstadt,13,1997,DF
1281,Youssoufa Moukoko,13,2004,FW
1282,Andreas Muller,13,2000,MF
1283,Jannik Muller,13,1994,"DF,MF"
1284,Kevin Muller,13,1991,GK
1285,Marcus Muller,13,2002,MF
1286,Thomas Muller,13,1989,"MF,FW"
1287,Jamal Musiala,13,2003,"MF,FW"
1288,Luca Netz,13,2003,DF
1289,Manuel Neuer,13,1986,GK
1290,Florian Neuhaus,13,1997,MF
1291,Jessic Ngankam,13,2000,"FW,MF"
1292,Jessic Ngankam,13,2000,FW
1293,Moritz Nicolas,13,1997,GK
1294,Justin Njinmah,13,2000,FW
1295,Felix Nmecha,13,2000,MF
1296,Lukas Nmecha,13,1998,FW
1297,Alexander Nubel,13,1996,GK
1298,Fabian Nurnberger,13,1999,"DF,MF"
1299,Tim Oermann,13,2003,DF
1300,Finn Ole Becker,13,2000,MF
1301,Leon Opitz,13,2005,"FW,DF"
1302,Stefan Ortega,13,1992,GK
1303,Patrick Osterhage,13,2000,MF
1304,Antonios Papadopoulos,13,1999,DF
1305,Matondo-Merveille Papela,13,2001,"MF,DF"
1306,Felix Passlack,13,1998,DF
1307,Aleksandar Pavlovic,13,2004,MF
1308,Dzenan Pejcinovic,13,2005,FW
1309,Luca Pfeiffer,13,1996,"FW,MF"
1310,Patric Pfeiffer,13,1999,DF
1311,Maximilian Philipp,13,1994,"FW,MF"
1312,Florian Pick,13,1995,"MF,FW"
1313,Amos Pieper,13,1998,DF
1314,Marvin Pieringer,13,1999,"MF,FW"
1315,Ole Pohlmann,13,2001,MF
1316,Sebastian Polter,13,1991,FW
1317,Grischa Promel,13,1995,MF
1318,Luca Raimund,13,2005,"FW,MF"
1319,Nicolai Rapp,13,1996,DF
1320,David Raum,13,1998,DF
1321,Rocco Reitz,13,2002,MF
1322,Marco Reus,13,1989,"MF,FW"
1323,Elvis Rexhbecaj,13,1997,MF
1324,Marco Richter,13,1997,"MF,FW"
1325,Clemens Riedel,13,2003,DF
1326,Manuel Riemann,13,1988,GK
1327,Sebastian Rode,13,1990,MF
1328,Merlin Rohl,13,2002,"MF,FW"
1329,Frank Ronstadt,13,1997,"DF,MF"
1330,Antonio Rudiger,13,1993,DF
1331,Fabian Rudlin,13,1997,MF
1332,Leroy Sane,13,1996,FW
1333,Kevin Schade,13,2001,"FW,MF"
1334,Stefan Schimmer,13,1994,"MF,FW"
1335,Keven Schlotterbeck,13,1997,DF
1336,Nico Schlotterbeck,13,1999,DF
1337,Kenneth Schmidt,13,2002,DF
1338,Niklas Schmidt,13,1998,MF
1339,Benno Schmitz,13,1994,DF
1340,Fabian Schnellhardt,13,1994,MF
1341,Jan Schoppner,13,1999,MF
1342,Marcel Schuhen,13,1993,GK
1343,Marvin Schwabe,13,1995,GK
1344,Alexander Schwolow,13,1992,GK
1345,Davie Selke,13,1995,FW
1346,Suat Serdar,13,1997,MF
1347,Kevin Sessa,13,2000,"MF,FW"
1348,Aaron Seydel,13,1996,FW
1349,Tim Siersleben,13,2000,DF
1350,Tim Skarke,13,1996,"FW,DF"
1351,Anton Stach,13,1998,MF
1352,Niklas Stark,13,1995,DF
1353,Pascal Stenzel,13,1996,DF
1354,Angelo Stiller,13,2001,MF
1355,Niklas Sule,13,1995,DF
1356,Jonathan Tah,13,1996,DF
1357,Marc-Andre ter Stegen,13,1992,GK
1358,Norman Theuerkauf,13,1987,"MF,DF"
1359,Malick Thiaw,13,2001,DF
1360,Jan Thielmann,13,2002,"FW,DF"
1361,Denis Thomalla,13,1992,"MF,FW"
1362,Phillip Tietz,13,1997,FW
1363,Steffen Tigges,13,1998,FW
1364,Umut Tohumcu,13,2004,MF
1365,Jeremy Toljan,13,1994,DF
1366,Omar Traore,13,1998,DF
1367,Kevin Trapp,13,1990,GK
1368,Lukas Ullrich,13,2004,"DF,FW"
1369,Sven Ulreich,13,1988,GK
1370,Deniz Undav,13,1996,"FW,MF"
1371,Mark Uth,13,1991,"MF,FW"
1372,Josha Vagnoman,13,2000,DF
1373,Kevin Vogt,13,1991,DF
1374,Kevin Volland,13,1992,"FW,MF"
1375,Luca Waldschmidt,13,1996,"MF,FW"
1376,Kjell-Arik Watjen,13,2006,"MF,FW"
1377,Julian Weigl,13,1995,MF
1378,Nelson Weiper,13,2005,"FW,MF"
1379,Mitchell Weiser,13,1994,"DF,MF"
1380,Noah Weihaupt,13,2001,"DF,FW"
1381,Timo Werner,13,1996,FW
1382,Timo Werner,13,1996,"FW,MF"
1383,Florian Wirtz,13,2003,MF
1384,Maximilian Wittek,13,1995,"DF,FW"
1385,Marius Wolf,13,1995,DF
1386,Nick Woltemade,13,2002,"FW,MF"
1387,Robin Zentner,13,1994,GK
1388,Michael Zetterer,13,1995,GK
1389,Christoph Zimmermann,13,1993,DF
1390,Simon Zoller,13,1991,"FW,MF"
1391,Player,14,Born,Pos
1392,Michel Aebischer,15,1997,MF
1393,Manuel Akanji,15,1995,"DF,MF"
1394,Zeki Amdouni,15,2000,FW
1395,Eray Comert,15,1998,DF
1396,Nico Elvedi,15,1996,DF
1397,Breel Embolo,15,1997,FW
1398,Edimilson Fernandes,15,1996,DF
1399,Remo Freuler,15,1992,MF
1400,Ulisses Garcia,15,1996,DF
1401,Nicolas Haas,15,1996,MF
1402,Silvan Hefti,15,1997,"MF,DF"
1403,Silvan Hefti,15,1997,"DF,FW"
1404,Gregor Kobel,15,1997,GK
1405,Philipp Kohn,15,1998,GK
1406,Noah Loosli,15,1997,DF
1407,Jordan Lotomba,15,1998,DF
1408,Kevin Mbabu,15,1995,DF
1409,Yvon Mvogo,15,1994,GK
1410,Dan Ndoye,15,2000,"FW,MF"
1411,Noah Okafor,15,2000,"FW,MF"
1412,Becir Omeragic,15,2002,"DF,MF"
1413,Jonas Omlin,15,1994,GK
1414,Fabian Rieder,15,2002,MF
1415,Ricardo Rodriguez,15,1992,DF
1416,Fabian Schar,15,1991,DF
1417,Vincent Sierro,15,1995,MF
1418,Yann Sommer,15,1988,GK
1419,Djibril Sow,15,1997,MF
1420,Leonidas Stergiou,15,2002,DF
1421,Filip Stojilkovic,15,2000,"FW,MF"
1422,Ruben Vargas,15,1998,"MF,FW"
1423,Silvan Widmer,15,1993,DF
1424,Granit Xhaka,15,1992,MF
1425,Denis Zakaria,15,1996,"MF,DF"
1426,Cedric Zesiger,15,1998,DF
1427,Julen Agirrezabala,16,2000,GK
1428,Sergio Akieme,16,1997,DF
1429,Luis Alberto,16,1992,MF
1430,Raul Albiol,16,1985,DF
1431,Thiago Alcantara,16,1991,MF
1432,Ruben Alcaraz,16,1991,MF
1433,Ivan Alejo,16,1995,MF
1434,Carles Alena,16,1998,MF
1435,Marcos Alonso,16,1990,DF
1436,Adria Altimira,16,2001,"DF,MF"
1437,Sergi Altimira,16,2001,MF
1438,Hugo Alvarez,16,2003,"MF,DF"
1439,Yeray Alvarez,16,1995,DF
1440,Miguel Angel Rubio,16,1998,DF
1441,Angelino,16,1997,DF
1442,Adu Ares,16,2001,FW
1443,Jesus Areso,16,1999,DF
1444,Inigo Arguibide,16,2005,DF
1445,Jose Arnaiz,16,1995,"FW,MF"
1446,Sergio Arribas,16,2001,"MF,FW"
1447,Kepa Arrizabalaga,16,1994,GK
1448,Marco Asensio,16,1996,"MF,FW"
1449,Iago Aspas,16,1987,FW
1450,Cesar Azpilicueta,16,1989,DF
1451,Alex Baena,16,2001,"MF,FW"
1452,Stefan Bajcetic,16,2004,MF
1453,Alejandro Balde,16,2003,DF
1454,Kike Barja,16,1997,"FW,MF"
1455,Ander Barrenetxea,16,2001,"FW,MF"
1456,Pablo Barrios,16,2003,MF
1457,Marc Bartra,16,1991,DF
1458,Hector Bellerin,16,1995,DF
1459,Fran Beltran,16,1999,MF
1460,Yuri Berchiche,16,1990,DF
1461,Alex Berenguer,16,1995,FW
1462,Isaac Bernal,16,2000,FW
1463,Pep Biel,16,1996,"MF,FW"
1464,Antonio Blanco,16,2000,MF
1465,Ruben Blanco,16,1995,GK
1466,Adri Bosch,16,2001,DF
1467,Juan Brandariz,16,1999,DF
1468,Brau,16,2001,DF
1469,Hugo Bueno,16,2002,"DF,MF"
1470,Pablo Busto,16,2005,DF
1471,Jose Callejon,16,1987,"MF,FW"
1472,Sergio Camello,16,2001,FW
1473,Jose Campana,16,1993,MF
1474,Sergi Canos,16,1997,"MF,FW"
1475,Isaac Carcelen,16,1993,DF
1476,Cardenas,16,1997,GK
1477,Marc Cardona,16,1995,FW
1478,Sergi Cardona,16,1999,DF
1479,Carmona,16,2002,"DF,MF"
1480,Alvaro Carreras,16,2003,"MF,FW"
1481,Dani Carvajal,16,1992,DF
1482,Marc Casado,16,2003,MF
1483,Samu Castillejo,16,1995,"FW,MF"
1484,Jonny Castro,16,1994,MF
1485,Catena,16,1994,DF
1486,Dani Ceballos,16,1996,"MF,FW"
1487,Alex Centelles,16,1997,DF
1488,Pep Chavarria,16,1998,"DF,MF"
1489,Pedro Chirivella,16,1997,MF
1490,Victor Chust,16,2000,DF
1491,Silvi Clua,16,2005,MF
1492,Santi Comesana,16,1996,MF
1493,Copete,16,1999,DF
1494,Jaume Costa,16,1988,DF
1495,Cristian,16,1998,GK
1496,Juan Cruz Armada,16,1992,DF
1497,Juan Cruz,16,2000,FW
1498,Pau Cubarsi,16,2007,DF
1499,Marc Cucurella,16,1998,DF
1500,Ivan Cuellar,16,1984,GK
1501,Jorge Cuenca,16,1999,DF
1502,Eric Curbelo,16,1994,"DF,MF"
1503,Alberto Dadie,16,2002,MF
1504,Sergi Darder,16,1993,MF
1505,Assane Diao,16,2005,FW
1506,Victor Diaz,16,1988,"DF,MF"
1507,Jaume Domenech,16,1990,GK
1508,Carlos Dominguez,16,2001,DF
1509,Mario Dominguez,16,2004,FW
1510,Carlos Dotor,16,2001,MF
1511,Ruben Duarte,16,1995,DF
1512,Hugo Duro,16,1999,FW
1513,Aritz Elustondo,16,1994,DF
1514,Adri Embarba,16,1992,"FW,MF"
1515,Aaron Escandell,16,1995,GK
1516,Fali,16,1993,DF
1517,Ansu Fati,16,2002,"MF,FW"
1518,Kiko Femenia,16,1991,DF
1519,Aitor Fernandez,16,1991,GK
1520,Alex Fernandez,16,1992,MF
1521,Carlos Fernandez,16,1996,FW
1522,Raul Fernandez,16,1988,GK
1523,Valery Fernandez,16,1999,"MF,FW"
1524,Fernando,16,1990,GK
1525,Nacho Ferri,16,2004,"FW,MF"
1526,Pablo Fornals,16,1996,"MF,FW"
1527,Pablo Fornals,16,1996,"FW,MF"
1528,Hector Fort,16,2006,DF
1529,Jorge de Frutos,16,1997,"FW,MF"
1530,Javi Galan,16,1994,DF
1531,Inigo Ruiz de Galarreta,16,1993,MF
1532,Aleix Garcia,16,1997,MF
1533,Alvaro Garcia,16,1992,"FW,MF"
1534,Dani Garcia,16,1990,MF
1535,David Garcia,16,1994,DF
1536,Eric Garcia,16,2001,DF
1537,Fran Garcia,16,1999,DF
1538,Francisco Jesus Crespo Garcia,16,1996,FW
1539,Gonzalo Garcia,16,2004,"FW,MF"
1540,Jastin Garcia,16,2004,FW
1541,Raul Garcia,16,1986,"FW,MF"
1542,Ruben Garcia,16,1993,"FW,MF"
1543,Unai Garcia,16,1992,DF
1544,Gavi,16,2004,"MF,FW"
1545,Gelabert,16,2000,"MF,FW"
1546,Bryan Gil,16,2001,"FW,MF"
1547,David Gil,16,1994,GK
1548,Mario Gila,16,2000,DF
1549,Moi Gomez,16,1994,"MF,FW"
1550,Sergio Gomez,16,2000,"FW,MF"
1551,Unai Gomez,16,2003,MF
1552,Edgar Gonzalez,16,1997,"DF,MF"
1553,Fabio Gonzalez,16,1997,MF
1554,Hugo Gonzalez,16,2003,"MF,FW"
1555,Inaki Gonzalez,16,2004,MF
1556,Joan Gonzalez,16,2002,MF
1557,Urko Gonzalez,16,2001,MF
1558,Andoni Gorosabel,16,1996,DF
1559,Pablo Gozalbez,16,2001,"MF,FW"
1560,Alex Grimaldo,16,1995,DF
1561,Vicente Guaita,16,1987,GK
1562,Sergi Guardiola,16,1991,"FW,MF"
1563,Javier Guerra,16,2003,MF
1564,Ander Guevara,16,1997,MF
1565,Hugo Guillamon,16,2000,MF
1566,Marc Guiu,16,2006,"FW,MF"
1567,Gerard Gumbau,16,1994,MF
1568,Jon Guridi,16,1995,MF
1569,Gorka Guruzeta,16,1996,FW
1570,Miguel Gutierrez,16,2001,DF
1571,Mario Hermoso,16,1995,DF
1572,Javi Hernandez,16,1998,DF
1573,Aridane Hernandez,16,1989,DF
1574,Luis Hernandez,16,1989,DF
1575,Yarek Hernandis,16,2005,DF
1576,Jorge Herrando,16,2001,DF
1577,Ander Herrera,16,1989,MF
1578,Cristian Herrera,16,1991,"FW,MF"
1579,Sergio Herrera,16,1993,GK
1580,Juan Herzog,16,2003,DF
1581,Xabier Huarte Armendariz,16,2001,MF
1582,Dean Huijsen,16,2005,DF
1583,Pablo Ibanez,16,1998,MF
1584,Iglesias,16,1998,"DF,FW"
1585,Borja Iglesias,16,1993,FW
1586,Imanol,16,2000,DF
1587,Isco,16,1992,MF
1588,Diego Iturralde,16,2003,DF
1589,Mikel Jauregizar,16,2003,MF
1590,Alejandro Jimenez,16,2005,DF
1591,Joan Jordan,16,1994,MF
1592,Jordi,16,2001,"MF,DF"
1593,Jeremy Jorge,16,2003,FW
1594,Joselu,16,1990,FW
1595,Juanmi,16,1993,FW
1596,Juanpe,16,1991,DF
1597,Jon Karrikaburu,16,2002,"MF,FW"
1598,Kike,16,1989,"FW,MF"
1599,Koke,16,1992,MF
1600,Yoel Lago,16,2004,DF
1601,Aymeric Laporte,16,1994,DF
1602,Juanmi Latasa,16,2001,FW
1603,Toni Lato,16,1997,DF
1604,Robin Le Normand,16,1996,DF
1605,Inigo Lekue,16,1993,DF
1606,Alvaro Lemos,16,1993,DF
1607,Ruben Lendinez,16,2003,DF
1608,Pol Lirola,16,1997,DF
1609,Javier Llabres,16,2002,"MF,FW"
1610,Diego Llorente,16,1993,DF
1611,Marcos Llorente,16,1995,"MF,DF"
1612,David Lopez,16,1989,DF
1613,Diego Lopez,16,2002,"MF,FW"
1614,Fermin Lopez,16,2003,"MF,FW"
1615,Javi Lopez,16,2002,DF
1616,Pau Lopez,16,1994,GK
1617,Unai Lopez,16,1995,MF
1618,Jose Luis Gaya,16,1995,DF
1619,Jose Luis Morales,16,1987,"FW,MF"
1620,Pablo Maffeo,16,1997,DF
1621,Jon Magunacelaya,16,2000,"FW,MF"
1622,Javier Manquillo,16,1994,"DF,MF"
1623,Oscar de Marcos,16,1989,DF
1624,Alberto Mari,16,2001,FW
1625,Jose Mari,16,1987,"MF,FW"
1626,Pablo Mari,16,1993,DF
1627,Rafa Marin,16,2002,DF
1628,Diego Marino,16,1990,GK
1629,Mika Marmol,16,2002,DF
1630,Unai Marrero,16,2001,GK
1631,Roger Marti,16,1991,FW
1632,Aaron Martin,16,1997,DF
1633,Ivan Martin,16,1999,MF
1634,Jon Martin,16,2006,DF
1635,Mario Martin,16,2004,MF
1636,Arnau Martinez,16,2003,DF
1637,Inigo Martinez,16,1991,DF
1638,Josep Martinez,16,1998,GK
1639,Marc Martinez,16,1990,GK
1640,Marvin,16,2000,"FW,DF"
1641,Jaime Mata,16,1988,"FW,MF"
1642,Borja Mayoral,16,1997,FW
1643,Jordi Mboula,16,1999,"FW,MF"
1644,Oscar Melendo,16,1997,"MF,FW"
1645,Gonzalo Melero,16,1994,"MF,FW"
1646,Tomas Mendes,16,2004,MF
1647,Brais Mendez,16,1997,"MF,FW"
1648,Diego Mendez,16,2003,MF
1649,Jorge Mere,16,1997,DF
1650,Mikel Merino,16,1996,MF
1651,Miguel,16,1999,"FW,MF"
1652,Luis Milla,16,1994,MF
1653,Oscar Mingueza,16,1999,"DF,MF"
1654,Ignasi Miquel,16,1992,DF
1655,Rafa Mir,16,1997,"FW,MF"
1656,Juan Miranda,16,2000,DF
1657,Alberto Moleiro,16,2003,"FW,MF"
1658,Jon Moncayola,16,1998,MF
1659,Alvaro Morata,16,1992,FW
1660,Alberto Moreno,16,1992,DF
1661,Alex Moreno,16,1993,DF
1662,Gerard Moreno,16,1992,FW
1663,Jorge Moreno,16,2001,DF
1664,Mateu Morey,16,2000,DF
1665,Manu Morlanes,16,1999,MF
1666,Cristhian Mosquera,16,2004,DF
1667,Iker Muniain,16,1992,"MF,FW"
1668,Aihen Munoz,16,1997,DF
1669,Iker Munoz,16,2002,MF
1670,Javier Munoz,16,1995,MF
1671,Nacho,16,1990,DF
1672,Roberto Navarro,16,2002,"MF,FW"
1673,Jesus Navas,16,1985,DF
1674,Alvaro Negredo,16,1985,"FW,MF"
1675,Carlos Neva,16,1996,DF
1676,Saul Niguez,16,1994,MF
1677,Peru Nolaskoain,16,1998,"DF,MF"
1678,Unai Nunez,16,1997,DF
1679,Alvaro Odriozola,16,1995,DF
1680,Aingeru Olabarrieta,16,2005,FW
1681,Olasagasti,16,2000,MF
1682,Dani Olmo,16,1998,MF
1683,Samuel Omorodion,16,2004,FW
1684,Aimar Oroz,16,2001,MF
1685,Eneko Ortiz,16,2003,DF
1686,Asier Osambela,16,2004,MF
1687,Mikel Oyarzabal,16,1997,"FW,MF"
1688,Jon Pacheco,16,2001,DF
1689,Isaac Palazon Camacho,16,1994,"MF,FW"
1690,Victor Parada,16,2002,"FW,MF"
1691,Aitor Paredes,16,2000,DF
1692,Daniel Parejo,16,1989,MF
1693,Pascu,16,2003,FW
1694,Patric,16,1993,DF
1695,Alfonso Pedraza,16,1996,DF
1696,Pedri,16,2002,"MF,FW"
1697,Pedro,16,1987,"FW,MF"
1698,Adria Pedrosa,16,1998,DF
1699,Inaki Pena,16,1999,GK
1700,Marcos Pena,16,2005,MF
1701,Ruben Pena,16,1991,"DF,FW"
1702,Alberto Perea,16,1990,"MF,FW"
1703,Ayoze Perez,16,1993,FW
1704,Carles Perez,16,1998,"MF,DF"
1705,Francisco Perez,16,2002,"MF,FW"
1706,Kike Perez,16,1997,"MF,FW"
1707,Yeremi Pino,16,2002,"MF,FW"
1708,Pedro Porro,16,1999,DF
1709,Portu,16,1992,FW
1710,Portu,16,1992,"MF,FW"
1711,Jose Pozo,16,1996,MF
1712,Alejandro Pozo Pozo,16,1999,"DF,MF"
1713,Benat Prados,16,2001,"MF,DF"
1714,Abdon Prats,16,1992,"FW,MF"
1715,Pubill,16,2003,DF
1716,Antonio Puertas,16,1992,"MF,FW"
1717,Arnau Puigmal,16,2001,"FW,DF"
1718,Antonio Raillo,16,1991,DF
1719,Benito Ramirez,16,1995,"FW,MF"
1720,Sandro Ramirez,16,1995,FW
1721,Chris Ramos,16,1997,"FW,MF"
1722,Sergio Ramos,16,1986,DF
1723,Raul,16,2000,FW
1724,David Raya,16,1995,GK
1725,Sergio Reguilon,16,1996,DF
1726,Pepe Reina,16,1982,GK
1727,Alex Remiro,16,1995,GK
1728,Diego Rico,16,1993,DF
1729,Luis Rioja,16,1993,"FW,MF"
1730,Rodrigo Riquelme,16,2000,"DF,MF"
1731,Alberto Risco,16,2005,MF
1732,Gorka Rivera Alonso,16,2004,DF
1733,Sergi Roberto,16,1992,"MF,DF"
1734,Marc Roca,16,1996,MF
1735,Sergio Rodelas,16,2004,"FW,DF"
1736,Rodri,16,1996,MF
1737,Rodri,16,2000,"FW,MF"
1738,Oscar Rodriguez Arnaiz,16,1998,"MF,FW"
1739,Damian Rodriguez,16,2003,MF
1740,Dani Rodriguez,16,1988,MF
1741,Kirian Rodriguez,16,1996,MF
1742,Miguel Rodriguez,16,2003,MF
1743,Carlos Romero,16,2001,DF
1744,Oriol Romeu,16,1991,MF
1745,Unai Ropero,16,2001,MF
1746,Javier Rueda Garcia,16,2002,"MF,DF"
1747,Aitor Ruibal,16,1996,"DF,FW"
1748,Fabian Ruiz Pena,16,1996,MF
1749,Sergio Ruiz,16,1994,MF
1750,Kike Salas,16,2002,DF
1751,Salvi,16,1991,MF
1752,Fede San Emeterio,16,1997,MF
1753,Oihan Sancet,16,2000,MF
1754,Ricard Sanchez,16,2000,DF
1755,Antonio Sanchez,16,1997,MF
1756,Juanlu Sanchez,16,2003,DF
1757,Manu Sanchez,16,2000,"DF,MF"
1758,Robert Sanchez,16,1997,GK
1759,Jesus Santiago,16,2004,MF
1760,Paco Sanz,16,2004,DF
1761,Pablo Sarabia,16,1992,"MF,FW"
1762,Manuel Sebastian,16,2004,MF
1763,Unai Simon,16,1997,GK
1764,Antonio Sivera,16,1996,GK
1765,Ruben Sobrino,16,1992,"MF,FW"
1766,Alex Sola,16,1999,"FW,MF"
1767,Alex Sola,16,1999,"DF,MF"
1768,Carlos Soler,16,1997,"MF,DF"
1769,David Soria,16,1993,GK
1770,Alberto Soro,16,1999,MF
1771,Hugo Sotelo,16,2003,MF
1772,Alex Suarez,16,1993,DF
1773,Denis Suarez,16,1994,"MF,FW"
1774,Suso,16,1993,"MF,FW"
1775,Yassin Tallal,16,2005,FW
1776,Cesar Tarrega,16,2002,DF
1777,Arnau Tenas,16,2001,GK
1778,Ramon Terrats,16,2000,"MF,DF"
1779,Raul de Tomas,16,1994,FW
1780,Pablo Torre,16,2003,"MF,FW"
1781,Raul Torrente,16,2001,DF
1782,Ferran Torres,16,2000,FW
1783,Oliver Torres,16,1994,MF
1784,Pau Torres,16,1997,DF
1785,Lucas Torro,16,1994,MF
1786,Adama Traore,16,1996,"FW,MF"
1787,Manu Trigueros,16,1991,MF
1788,Benat Turrientes,16,2002,MF
1789,Oscar Valentin,16,1994,MF
1790,Jesus Vallejo,16,1997,DF
1791,Alvaro Valles,16,1997,GK
1792,Jose Luis Garcia Vaya,16,1998,MF
1793,Borja Vazquez,16,2005,FW
1794,Jesus Vazquez,16,2003,"DF,MF"
1795,Kevin Vazquez,16,1993,DF
1796,Lucas Vazquez,16,1991,DF
1797,Gabriel Veiga,16,2002,FW
1798,Mikel Vesga,16,1993,MF
1799,Carlos Vicente,16,1999,FW
1800,Nacho Vidal,16,1995,"DF,FW"
1801,Nacho Vidal,16,1995,DF
1802,Fran Vieites,16,1999,GK
1803,Jonathan Viera,16,1989,"MF,FW"
1804,Jonathan Viera,16,1989,MF
1805,Toni Villa,16,1995,FW
1806,Asier Villalibre,16,1997,FW
1807,Gonzalo Villar,16,1998,MF
1808,Ivan Villar,16,1997,GK
1809,Ricardo Visus,16,2001,DF
1810,Daniel Vivian,16,1999,DF
1811,Nico Williams,16,2002,FW
1812,Xeber,16,1997,"FW,MF"
1813,Lamine Yamal,16,2007,FW
1814,Joseba Zaldua,16,1992,DF
1815,Bryan Zaragoza,16,2001,"MF,FW"
1816,Bryan Zaragoza,16,2001,"FW,MF"
1817,Oier Zarraga,16,1999,MF
1818,Igor Zubeldia,16,1997,DF
1819,Martin Zubimendi,16,1999,MF
1820,Brandon Aguilera,17,2003,FW
1821,Cristian Gamboa,17,1989,DF
1822,Keylor Navas,17,1986,GK
1823,Anel Ahmedhodzic,18,1999,DF
1824,Ermedin Demirovic,18,1998,"FW,MF"
1825,Denis Huseinbasic,18,2001,MF
1826,Sead Kolasinac,18,1993,DF
1827,Rade Krunic,18,1993,MF
1828,Sanjin Prcic,18,1993,MF
1829,Milan uric,18,1990,FW
1830,Rayan Ait-Nouri,19,2001,"DF,MF"
1831,Houssem Aouar,19,1998,"MF,FW"
1832,Youcef Atal,19,1996,DF
1833,Ismael Bennacer,19,1997,MF
1834,Said Benrahma,19,1995,"FW,MF"
1835,Ramy Bensebaini,19,1995,DF
1836,Nabil Bentaleb,19,1994,MF
1837,Badredine Bouanani,19,2004,FW
1838,Badredine Bouanani,19,2004,MF
1839,Hicham Boudaoui,19,1999,MF
1840,Bilal Brahimi,19,2000,FW
1841,Bilal Brahimi,19,2000,"FW,MF"
1842,Fares Chaibi,19,2002,"FW,MF"
1843,Fares Chaibi,19,2002,"MF,FW"
1844,Amine Gouiri,19,2000,"FW,MF"
1845,Jaouen Hadjam,19,2003,DF
1846,Yasser Larouci,19,2001,DF
1847,Aissa Mandi,19,1991,DF
1848,Alexandre Oukidja,19,1988,GK
1849,Adam Ounas,19,1996,FW
1850,Abderrahman Rebbach,19,1998,"FW,MF"
1851,Ahmed Touba,19,1998,DF
1852,Kevin Van Den Kerkhof,19,1996,"FW,MF"
1853,Mehdi Zeffane,19,1992,"DF,MF"
1854,Tosin Aiyegun,20,1998,"MF,FW"
1855,Steve Mounie,20,1994,FW
1856,Kristoffer Ajer,21,1998,DF
1857,Sander Berge,21,1998,MF
1858,Oscar Bobb,21,2003,"FW,MF"
1859,Emil Bohinen,21,1999,MF
1860,Erik Botheim,21,2000,"FW,MF"
1861,Emil Ceide,21,2001,"FW,MF"
1862,Aron Dnnum,21,1998,"FW,MF"
1863,Erling Haaland,21,2000,FW
1864,Andreas Hanche-Olsen,21,1997,DF
1865,Isak Hansen-Aaren,21,2004,MF
1866,Waren Kamanzi,21,2000,"DF,FW"
1867,Birger Meling,21,1994,DF
1868,Joel Mvuka,21,2002,"DF,FW"
1869,Jonathan Norbye,21,2007,MF
1870,rjan Nyland,21,1990,GK
1871,Marcus Pedersen,21,2000,DF
1872,Jens Petter Hauge,21,1999,"MF,FW"
1873,Julian Ryerson,21,1997,DF
1874,Leo Skiri stigard,21,1999,DF
1875,Ola Solbakken,21,1998,FW
1876,Jrgen Strand Larsen,21,2000,FW
1877,Alexander Srloth,21,1995,FW
1878,Morten Thorsby,21,1996,MF
1879,Kristian Thorstvedt,21,1999,MF
1880,Martin degaard,21,1998,MF
1881,Nathan Ake,22,1995,DF
1882,Mitchel Bakker,22,2000,DF
1883,Donny van de Beek,22,1997,DF
1884,Donny van de Beek,22,1997,"MF,FW"
1885,Sam Beukema,22,1998,DF
1886,Marco Bizot,22,1991,GK
1887,Daley Blind,22,1990,DF
1888,Myron Boadu,22,2001,FW
1889,Sven Botman,22,2000,DF
1890,Tahith Chong,22,1999,"MF,FW"
1891,Ibrahim Cissoko,22,2003,"FW,MF"
1892,Thijs Dallinga,22,2000,FW
1893,Arnaut Danjuma,22,1997,"MF,FW"
1894,Sepp van den Berg,22,2001,DF
1895,Danilho Doekhi,22,1998,DF
1896,Denzel Dumfries,22,1996,DF
1897,Kingsley Ehizibue,22,1995,DF
1898,Emanuel Emegha,22,2003,FW
1899,Mark Flekken,22,1993,GK
1900,Jeremie Frimpong,22,2000,DF
1901,Cody Gakpo,22,1999,"FW,MF"
1902,Anwar El Ghazi,22,1995,"MF,DF"
1903,Jeffrey Gouweleeuw,22,1991,DF
1904,Ryan Gravenberch,22,2002,MF
1905,Ryan Gravenberch,22,2002,FW
1906,Gustavo Hamer,22,1997,MF
1907,Abdou Harroui,22,1998,"MF,FW"
1908,Hans Hateboer,22,1994,DF
1909,Jan Paul van Hecke,22,2000,DF
1910,Sydney van Hooijdonk,22,2000,FW
1911,Frenkie de Jong,22,1997,MF
1912,Rick Karsdorp,22,1995,DF
1913,Davy Klaassen,22,1993,MF
1914,Justin Kluivert,22,1999,"MF,FW"
1915,Teun Koopmeiners,22,1998,MF
1916,Matthijs de Ligt,22,1999,DF
1917,Ian Maatsen,22,2002,"FW,MF"
1918,Ian Maatsen,22,2002,DF
1919,Donyell Malen,22,1999,"FW,MF"
1920,Azor Matusiwa,22,1998,MF
1921,Memphis,22,1994,FW
1922,Tijjani Noslin,22,1999,"FW,MF"
1923,Tijjani Reijnders,22,1998,MF
1924,Jairo Riedewald,22,1996,"MF,FW"
1925,Marten de Roon,22,1991,"MF,DF"
1926,Pablo Rosario,22,1997,"MF,DF"
1927,Perr Schuurs,22,1999,DF
1928,Xavi Simons,22,2003,MF
1929,Daley Sinkgraven,22,1995,DF
1930,Stijn Spierings,22,1996,MF
1931,Kevin Strootman,22,1990,MF
1932,Elayis Tavsan,22,2001,"MF,FW"
1933,Kenny Tete,22,1995,DF
1934,Jurrien Timber,22,2001,DF
1935,Virgil van Dijk,22,1991,DF
1936,Joel Veltman,22,1992,DF
1937,Micky van de Ven,22,2001,DF
1938,Bart Verbruggen,22,2002,GK
1939,Stefan de Vrij,22,1992,DF
1940,Wout Weghorst,22,1992,FW
1941,Joshua Zirkzee,22,2001,FW
1942,Omar Alderete,23,1996,DF
1943,Miguel Almiron,23,1994,FW
1944,Julio Enciso,23,2004,"MF,FW"
1945,Enso Gonzalez,23,2005,"MF,DF"
1946,Antonio Sanabria,23,1996,"FW,MF"
1947,Jim Allevinah,24,1995,"MF,DF"
1948,Pierre-Emerick Aubameyang,24,1989,FW
1949,Shavy Babicka,24,2000,"FW,MF"
1950,Mario Lemina,24,1993,MF
1951,Royce Openda Owaga,24,2002,FW
1952,Anthony Oyono,24,2001,DF
1953,Domingos Andre Ribeiro Almeida,25,2000,"FW,MF"
1954,Daniel Bandeira,25,2000,MF
1955,Aurelio Buta,25,1997,"DF,MF"
1956,Joao Cancelo,25,1994,DF
1957,Fabio Carvalho,25,2002,MF
1958,William Carvalho,25,1992,MF
1959,Ivan Cavaleiro,25,1993,FW
1960,Youssef Chermiti,25,2004,FW
1961,Thierry Correia,25,1999,DF
1962,David Pereira da Costa,25,2001,MF
1963,Samu Costa,25,2000,MF
1964,Crespo,25,1996,MF
1965,Diogo Dalot,25,1999,DF
1966,Ruben Dias,25,1997,DF
1967,Tiago Djalo,25,2000,DF
1968,Domingos Duarte,25,1995,DF
1969,Joao Felix,25,1999,FW
1970,Bruno Fernandes,25,1994,"MF,FW"
1971,Andre Ferreira,25,1996,GK
1972,Joao Ferreira,25,2001,DF
1973,Tiago Fonseca Morais,25,2003,FW
1974,Andre Gomes,25,1993,"MF,FW"
1975,Toti Gomes,25,1999,DF
1976,Goncalo Guedes,25,1996,"FW,MF"
1977,Raphael Guerreiro,25,1993,"DF,MF"
1978,Diogo Jota,25,1996,FW
1979,Rafael Leao,25,1999,FW
1980,Diogo Leite,25,1999,DF
1981,Anthony Lopes,25,1990,GK
1982,Wilson Manafa,25,1994,"DF,MF"
1983,Luis Maximiano,25,1999,GK
1984,Nuno Mendes,25,2002,DF
1985,Diego Moreira,25,2004,"FW,MF"
1986,Dany Mota,25,1998,"FW,MF"
1987,Pedro Neto,25,2000,"FW,MF"
1988,Matheus Nunes,25,1998,MF
1989,Goncalo Paciencia,25,1994,"FW,MF"
1990,Joao Palhinha,25,1995,MF
1991,Rui Patricio,25,1988,GK
1992,Danilo Pereira,25,1991,DF
1993,Mathias Pereira Lage,25,1996,"FW,MF"
1994,Pedro Pereira,25,1998,DF
1995,Domingos Quina,25,1999,MF
1996,Goncalo Ramos,25,2001,FW
1997,Rodrigo Ribeiro,25,2005,"MF,FW"
1998,Mario Rui,25,1991,DF
1999,Jose Sa,25,1993,GK
2000,Renato Sanches,25,1997,MF
2001,Tiago Santos,25,2002,DF
2002,Nelson Semedo,25,1993,"DF,MF"
2003,Vivaldo Semedo,25,2005,FW
2004,Andre Silva,25,1995,FW
2005,Bernardo Silva,25,1994,"MF,FW"
2006,Fabio Silva,25,2002,FW
2007,Rui Silva,25,1994,GK
2008,Cedric Soares,25,1991,DF
2009,Nuno Tavares,25,2000,DF
2010,Tiago Tomas,25,2002,"FW,MF"
2011,Fabio Vieira,25,2000,"MF,FW"
2012,Ruben Vinagre,25,1999,"DF,FW"
2013,Vitinha,25,2000,"FW,MF"
2014,Vitinha,25,2000,FW
2015,Vitinha,25,2000,MF
2016,Pontus Almqvist,26,1999,"FW,MF"
2017,Joel Asoro,26,1999,"FW,MF"
2018,Jens Cajuste,26,1999,MF
2019,Hjalmar Ekdal,26,1998,DF
2020,Emmanuel Ekong,26,2002,FW
2021,Anthony Elanga,26,2002,"FW,MF"
2022,Emil Forsberg,26,1991,"MF,FW"
2023,Gabriel Gudmundsson,26,1999,"DF,FW"
2024,Isak Hien,26,1999,DF
2025,Emil Holm,26,2000,DF
2026,Alexander Isak,26,1999,FW
2027,Thomas Isherwood,26,1998,DF
2028,Jesper Karlsson,26,1998,FW
2029,Emil Krafth,26,1994,DF
2030,Dejan Kulusevski,26,2000,"FW,MF"
2031,Hugo Larsson,26,2004,MF
2032,Victor Lindelof,26,1994,DF
2033,Robin Olsen,26,1990,GK
2034,Matteo Perez Vinlof,26,2005,FW
2035,Amin Sarr,26,2001,"FW,MF"
2036,Carl Starfelt,26,1995,DF
2037,Mattias Svanberg,26,1999,MF
2038,Williot Swedberg,26,2004,"FW,MF"
2039,Oscar Vilhelmsson,26,2003,"FW,MF"
2040,Edson Alvarez,27,1997,MF
2041,Julian Araujo,27,2001,DF
2042,Jesus Corona,27,1993,"MF,DF"
2043,Andres Guardado,27,1986,MF
2044,Raul Jimenez,27,1991,FW
2045,Cesar Montes,27,1997,DF
2046,Guillermo Ochoa,27,1985,GK
2047,Johan Vasquez,27,1998,DF
2048,Gaston Alvarez,28,2000,DF
2049,Mauro Arambarri,28,1995,MF
2050,Ronald Araujo,28,1999,DF
2051,Matias Arezo,28,2002,FW
2052,Jaime Baez,28,1995,"FW,MF"
2053,Carlos Benavidez,28,1998,MF
2054,Rodrigo Bentancur,28,1997,MF
2055,Santiago Bueno,28,1998,DF
2056,Alfonso Espino,28,1992,DF
2057,Maxi Gomez,28,1996,FW
2058,Giovanni Gonzalez,28,1994,DF
2059,Jose Maria Gimenez,28,1995,DF
2060,Alan Matturro,28,2004,DF
2061,Bruno Mendez,28,1999,DF
2062,Alvaro Munoz,28,2004,FW
2063,Nahitan Nandez,28,1995,"MF,DF"
2064,Darwin Nunez,28,1999,FW
2065,Brian Ocampo,28,1999,"MF,FW"
2066,Mathias Olivera,28,1997,DF
2067,Facundo Pellistri,28,2001,"FW,MF"
2068,Facundo Pellistri,28,2001,"MF,FW"
2069,Martin Satriano,28,2001,FW
2070,Cristhian Stuani,28,1986,FW
2071,Damian Suarez,28,1988,DF
2072,Manuel Ugarte Ribeiro,28,2001,MF
2073,Federico Valverde,28,1998,MF
2074,Matias Vecino,28,1991,MF
2075,Matias Vina,28,1997,DF
2076,Papa Amadou Diallo,29,2004,FW
2077,Amath,29,1996,"FW,MF"
2078,Fode Ballo-Toure,29,1997,"DF,MF"
2079,Lamine Camara,29,2004,MF
2080,Pathe Ciss,29,1994,MF
2081,Mamadou Coulibaly,29,1999,DF
2082,Boulaye Dia,29,1996,"FW,MF"
2083,Lamine Diack,29,2000,MF
2084,Habib Diarra,29,2004,"MF,FW"
2085,Krepin Diatta,29,1999,"DF,FW"
2086,Mory Diaw,29,1993,GK
2087,Famara Diedhiou,29,1992,"FW,MF"
2088,Bamba Dieng,29,2000,FW
2089,Idrissa Gana Gueye,29,1989,MF
2090,Pape Gueye,29,1999,"MF,DF"
2091,Nicolas Jackson,29,2001,FW
2092,Ismail Jakobs,29,1999,DF
2093,Cheikhou Kouyate,29,1989,MF
2094,Abou Lo,29,2000,"MF,DF"
2095,Dion Lopy,29,2002,MF
2096,Pape Matar Sarr,29,2002,MF
2097,Malick Mbaye,29,2004,"MF,FW"
2098,Mamadou Mbaye,29,1998,DF
2099,Formose Mendy,29,2001,DF
2100,Nampalys Mendy,29,1992,MF
2101,Bassirou Ndiaye,29,2002,FW
2102,Iliman Ndiaye,29,2000,"FW,MF"
2103,Massamba Ndiaye,29,2001,GK
2104,Rassoul Ndiaye,29,2001,"MF,FW"
2105,Moussa Niakhate,29,1996,DF
2106,M'Baye Niang,29,1994,FW
2107,Youssouf Sabaly,29,1993,DF
2108,Ibou Sane,29,2005,"MF,FW"
2109,Sadibou Sane,29,2004,DF
2110,Arouna Sangante,29,2002,DF
2111,Bouna Sarr,29,1992,DF
2112,Ismaila Sarr,29,1998,"FW,MF"
2113,Demba Seck,29,2001,MF
2114,Demba Seck,29,2001,"FW,MF"
2115,Issa Soumare,29,2000,"FW,MF"
2116,Mamadou Sylla,29,1994,"FW,MF"
2117,Cheikh Tidiane Sabaly,29,1999,"FW,MF"
2118,Michael Amir Murillo,30,1996,DF
2119,Joachim Andersen,31,1996,DF
2120,Jonathan Asp Jensen,31,2006,FW
2121,Victor Bernth Kristiansen,31,2002,DF
2122,Philip Billing,31,1996,MF
2123,Jacob Bruun Larsen,31,1998,"MF,FW"
2124,Rasmus Carstensen,31,2000,"DF,FW"
2125,Andreas Christensen,31,1996,"DF,MF"
2126,Jacob Christensen,31,2001,MF
2127,Oliver Christensen,31,1999,GK
2128,Jeppe Corfitzen,31,2004,FW
2129,Mikkel Damsgaard,31,2000,MF
2130,Mohammed Daramy,31,2002,"FW,MF"
2131,Mikkel Desler,31,1995,DF
2132,Patrick Dorgu,31,2004,"DF,MF"
2133,Christian Eriksen,31,1992,MF
2134,Morten Frendrup,31,2001,MF
2135,Pierre Hjbjerg,31,1995,MF
2136,Rasmus Hjlund,31,2003,FW
2137,Gustav Isaksen,31,2001,FW
2138,Mathias Jensen,31,1996,MF
2139,Mads Juel Andersen,31,1997,DF
2140,Filip Jrgensen,31,2002,GK
2141,Mathias Jrgensen,31,1990,DF
2142,Mikkel Kaufmann,31,2001,FW
2143,Simon Kjr,31,1989,DF
2144,Rasmus Kristensen,31,1997,DF
2145,Thomas Kristensen,31,2002,DF
2146,Jesper Lindstrm,31,2000,"FW,MF"
2147,Jesper Lindstrm,31,2000,FW
2148,Joakim Mhle,31,1997,"DF,MF"
2149,Rasmus Nicolaisen,31,1997,DF
2150,Christian Nrgaard,31,1994,MF
2151,Jens Odgaard,31,1999,"FW,MF"
2152,William Osula,31,2003,FW
2153,Mads Pedersen,31,1996,DF
2154,Yussuf Poulsen,31,1994,FW
2155,Mads Roerslev,31,1999,DF
2156,Frederik Rnnow,31,1992,GK
2157,Robert Skov,31,1996,"DF,FW"
2158,Jens Stage,31,1996,MF
2159,Jonas Wind,31,1999,FW
2160,Elliot Anderson,32,2002,"MF,FW"
2161,Jacob Brown,32,1998,"MF,FW"
2162,Oliver Burke,32,1997,FW
2163,Tom Cairney,32,1991,MF
2164,Ryan Christie,32,1995,MF
2165,Karamoko Dembele,32,2003,"MF,FW"
2166,Ben Doak,32,2005,FW
2167,Josh Doig,32,2002,DF
2168,Lewis Ferguson,32,1999,MF
2169,John Fleck,32,1991,"MF,DF"
2170,Billy Gilmour,32,2001,MF
2171,Liam Henderson,32,1996,MF
2172,Aaron Hickey,32,2002,DF
2173,Fraser Hornby,32,1999,"FW,MF"
2174,Oliver McBurnie,32,1996,FW
2175,John McGinn,32,1994,"MF,FW"
2176,Scott McKenna,32,1996,DF
2177,Scott McTominay,32,1996,"MF,FW"
2178,Ryan One,32,2006,FW
2179,Nathan Patterson,32,2001,DF
2180,Matt Ritchie,32,1989,"FW,MF"
2181,Andrew Robertson,32,1994,DF
2182,Kieran Tierney,32,1997,DF
2183,Komnen Andric,33,1995,FW
2184,Sran Babic,33,1996,DF
2185,Darko Brasanac,33,1992,MF
2186,Marko Dmitrovic,33,1992,GK
2187,Nemanja Gudelj,33,1991,"DF,MF"
2188,Andrej Ilic,33,2000,FW
2189,Ivan Ilic,33,2001,MF
2190,Luka Jovic,33,1997,FW
2191,Filip Kostic,33,1992,DF
2192,Darko Lazovic,33,1990,"FW,MF"
2193,Stefan Lekovic,33,2004,DF
2194,Sasa Lukic,33,1996,MF
2195,Nemanja Maksimovic,33,1995,MF
2196,Erhan Masovic,33,1998,"DF,MF"
2197,Nemanja Matic,33,1988,MF
2198,Nikola Milenkovic,33,1997,DF
2199,Vanja Milinkovic-Savic,33,1997,GK
2200,Jovan Milosevic,33,2005,"FW,MF"
2201,Marko Milovanovic,33,2003,"FW,MF"
2202,Aleksandar Mitrovic,33,1994,FW
2203,Stefan Mitrovic,33,2002,"FW,MF"
2204,Stefan Mitrovic,33,1990,DF
2205,Marko Mladenovic,33,2005,MF
2206,Matija Nastasic,33,1993,DF
2207,Milos Pantovic,33,1996,MF
2208,Denis Petric,33,1988,GK
2209,Njegos Petrovic,33,1999,"MF,FW"
2210,ore Petrovic,33,1999,GK
2211,Uros Racic,33,1998,MF
2212,Nemanja Radonjic,33,1996,"MF,FW"
2213,Nemanja Radonjic,33,1996,"MF,DF"
2214,Aleksandar Radovanovic,33,1993,DF
2215,Boris Radunovic,33,1996,GK
2216,Predrag Rajkovic,33,1995,GK
2217,Mihailo Ristic,33,1995,"DF,MF"
2218,Lazar Samardzic,33,2002,MF
2219,Aleksandar Sedlar,33,1991,DF
2220,Jan-Carlo Simic,33,2005,DF
2221,Mile Svilar,33,1999,GK
2222,Milos Veljkovic,33,1995,DF
2223,Dusan Vlahovic,33,2000,FW
2224,Michail Antonio,34,1990,FW
2225,Leon Bailey,34,1997,"MF,FW"
2226,Amari'i Bell,34,1994,DF
2227,Shamar Nicholson,34,1997,FW
2228,Ethan Pinnock,34,1993,DF
2229,Bobby Reid,34,1993,FW
2230,Trivante Stewart,34,2000,"FW,MF"
2231,Jon Aramburu,35,2002,DF
2232,Cristian Casseres Jr.,35,2000,MF
2233,Yangel Herrera,35,1998,MF
2234,Darwin Machis,35,1993,MF
2235,Asaf Arania,36,2005,MF
2236,Daniel Peretz,36,2000,GK
2237,Manor Solomon,36,1999,FW
2238,Shon Weissman,36,1996,"FW,DF"
2239,Shon Weissman,36,1996,FW
2240,Hakon Arnar Haraldsson,37,2003,"FW,MF"
2241,Johann Berg Gumundsson,37,1990,"MF,FW"
2242,Albert Gumundsson,37,1997,"FW,MF"
2243,Takuma Asano,38,1994,"FW,MF"
2244,Ritsu Doan,38,1998,"DF,MF"
2245,Wataru Endo,38,1993,MF
2246,Shio Fukuda,38,2004,"FW,MF"
2247,Genki Haraguchi,38,1991,MF
2248,Makoto Hasebe,38,1984,"DF,MF"
2249,Daiki Hashioka,38,1999,DF
2250,Ko Itakura,38,1997,"DF,MF"
2251,Hiroki Ito,38,1999,DF
2252,Junya Ito,38,1993,"FW,MF"
2253,Daichi Kamada,38,1996,MF
2254,Takefusa Kubo,38,2001,"FW,MF"
2255,Takumi Minamino,38,1995,MF
2256,Kaoru Mitoma,38,1997,FW
2257,Keito Nakamura,38,2000,"FW,MF"
2258,Masaya Okugawa,38,1996,"FW,DF"
2259,Takehiro Tomiyasu,38,1998,DF
2260,Kristjan Asllani,39,2002,MF
2261,Nedim Bajrami,39,1999,"MF,FW"
2262,Ivan Balliu,39,1992,DF
2263,Etrit Berisha,39,1989,GK
2264,Medon Berisha,39,2003,"FW,MF"
2265,Armando Broja,39,2001,FW
2266,Marvin Cuni,39,2001,FW
2267,Berat Djimsiti,39,1993,DF
2268,Klaus Gjasula,39,1989,"DF,MF"
2269,Elseid Hysaj,39,1994,DF
2270,Ardian Ismajli,39,1996,DF
2271,Marash Kumbulla,39,2000,DF
2272,Ylber Ramadani,39,1996,MF
2273,Steven Shpendi,39,2003,"FW,MF"
2274,Thomas Strakosha,39,1995,GK
2275,Myrto Uzuni,39,1995,FW
2276,Lorenz Assignon,40,2000,DF
2277,Ihlas Bebou,40,1994,"FW,DF"
2278,Djene,40,1991,"DF,MF"
2279,Marvin Senaya,40,2001,"DF,MF"
2280,Sardar Azmoun,41,1995,"FW,MF"
2281,Saman Ghoddos,41,1993,DF
2282,Aliou Badara Balde,42,2002,"FW,DF"
2283,Mouctar Diakhaby,42,1996,"DF,MF"
2284,Ibrahim Diakite,42,2003,DF
2285,Morgan Guilavogui,42,1998,"FW,MF"
2286,Serhou Guirassy,42,1996,FW
2287,Sory Kaba,42,1995,FW
2288,Naby Keita,42,1995,"MF,DF"
2289,Mohamed Lamine Bayo,42,1998,FW
2290,Ilaix Moriba,42,2003,"MF,FW"
2291,Saidou Sow,42,2002,DF
2292,Dembo Sylla,42,2002,DF
2293,Issiaga Sylla,42,1994,"DF,FW"
2294,Abdoulaye Toure,42,1994,MF
2295,Milan Badelj,43,1989,MF
2296,Toma Basic,43,1996,MF
2297,Domagoj Bradaric,43,1999,DF
2298,Josip Brekalo,43,1998,FW
2299,Ante Budimir,43,1991,FW
2300,Duje Caleta-Car,43,1996,DF
2301,Dion Drena Beljo,43,2002,"FW,MF"
2302,Martin Erlic,43,1998,DF
2303,Bartol Franjic,43,2000,MF
2304,Ivo Grbic,43,1996,GK
2305,Josko Gvardiol,43,2002,DF
2306,Kristijan Jakic,43,1997,MF
2307,Kristijan Jakic,43,1997,"MF,FW"
2308,Josip Juranovic,43,1995,DF
2309,Mateo Kovacic,43,1994,MF
2310,Andrej Kramaric,43,1991,"MF,FW"
2311,Dejan Lovren,43,1989,DF
2312,Karlo Lulic,43,1996,MF
2313,Matej Maglica,43,1998,DF
2314,Lovro Majer,43,1998,MF
2315,Lovro Majer,43,1998,"MF,FW"
2316,Mirko Maric,43,1995,FW
2317,Luka Modric,43,1985,MF
2318,Nikola Moro,43,1998,MF
2319,Mario Pasalic,43,1995,MF
2320,Ivan Perisic,43,1989,FW
2321,Marin Pongracic,43,1997,DF
2322,Ivan Rakitic,43,1988,MF
2323,Hrvoje Smolcic,43,2000,DF
2324,Borna Sosa,43,1998,"FW,DF"
2325,Josip Stanisic,43,2000,DF
2326,Antonio Tikvic,43,2004,DF
2327,Nikola Vlasic,43,1997,"MF,FW"
2328,Lovro Zvonarek,43,2005,"FW,MF"
2329,Cedric Bakambu,44,1991,FW
2330,Dimitry Bertaud,44,1998,GK
2331,Gedeon Kalulu,44,1997,DF
2332,Silas Katompa,44,1998,"FW,MF"
2333,Chancel Mbemba,44,1994,DF
2334,Omenuke Mfulu,44,1994,"MF,FW"
2335,Samuel Moutoussamy,44,1996,MF
2336,Pelly Ruddock Mpanzu,44,1993,MF
2337,Yoane Wissa,44,1996,FW
2338,George Baldock,45,1993,DF
2339,Anastasios Douvikas,45,1999,FW
2340,Pantelis Hatzidiakos,45,1997,DF
2341,Panos Katseris,45,2001,DF
2342,Giorgos Kyriakopoulos,45,1996,DF
2343,Charalambos Lykogiannis,45,1993,DF
2344,Christos Mandas,45,2001,GK
2345,Kostas Manolas,45,1991,DF
2346,Konstantinos Mavropanos,45,1997,DF
2347,Christos Papadopoulos,45,2004,FW
2348,Sokratis Papastathopoulos,45,1988,DF
2349,Triantafyllos Pasaridis,45,1996,DF
2350,Kostas Tsimikas,45,1996,DF
2351,Odisseas Vlachodimos,45,1994,GK
2352,Carlos Baleba,46,2004,MF
2353,Jean-Charles Castelletto,46,1995,DF
2354,Simon Ebonog,46,2004,MF
2355,Enzo Ebosse,46,1999,DF
2356,Karl Etta,46,2004,FW
2357,Ignatius Ganago,46,1999,"FW,MF"
2358,Martin Hongla,46,1998,MF
2359,Martin Hongla,46,1998,"MF,DF"
2360,Kevin Keben Biakolo,46,2004,DF
2361,Didier Lamkel Ze,46,1996,"FW,MF"
2362,Frank Magri,46,1999,"FW,MF"
2363,Joel Matip,46,1991,DF
2364,Eric Maxim Choupo-Moting,46,1989,"MF,FW"
2365,Bryan Mbeumo,46,1999,FW
2366,Francois Mughe,46,2004,"MF,DF"
2367,Mahamadou Nagida,46,2005,DF
2368,Andre Onana,46,1996,GK
2369,Jean Onana,46,2000,MF
2370,Faris Pemi Moumbagna,46,2000,FW
2371,Adrien Tameze,46,1994,"DF,MF"
2372,Jackson Tchatchoua,46,2001,DF
2373,Enzo Tchato,46,2002,DF
2374,Christopher Wooh,46,2001,DF
2375,Darlin Yongwa,46,2000,DF
2376,Andre-Frank Zambo Anguissa,46,1995,MF
2377,Lameck Banda,47,2001,FW
2378,Kingstone Mutandwa,47,2003,"FW,MF"
2379,Mamady Bangre,48,2001,"FW,MF"
2380,Issa Kabore,48,2001,DF
2381,Dango Ouattara,48,2002,"FW,DF"
2382,Edmond Tapsoba,48,1999,DF
2383,Bertrand Traore,48,1995,"DF,FW"
2384,Bertrand Traore,48,1995,MF
2385,Shandon Baptiste,49,1998,MF
2386,Antonin Barak,50,1994,"MF,FW"
2387,Vaclav Cerny,50,1997,"FW,MF"
2388,Vladimir Coufal,50,1992,DF
2389,Tomas Cvancara,50,2000,FW
2390,Adam Hlozek,50,2002,"MF,FW"
2391,Jakub Jankto,50,1996,"MF,FW"
2392,David Jurasek,50,2000,DF
2393,Pavel Kaderabek,50,1992,"DF,FW"
2394,Tomas Koubek,50,1992,GK
2395,Matej Kovar,50,2000,GK
2396,Alex Kral,50,1998,MF
2397,Jiri Pavlenka,50,1992,GK
2398,Patrik Schick,50,1996,FW
2399,Tomas Soucek,50,1995,MF
2400,David Zima,50,2000,DF
2401,Leandro Barreiro Martins,51,2000,MF
2402,Yvandro Borges Sanches,51,2004,"MF,FW"
2403,Mathias Olesen,51,2001,"MF,FW"
2404,Bebe,52,1990,"MF,FW"
2405,Jovane Cabral,52,1998,"MF,FW"
2406,Logan Costa,52,2001,DF
2407,Owen Beck,53,2002,DF
2408,David Brooks,53,1997,"FW,MF"
2409,Ben Davies,53,1993,DF
2410,Paul Dummett,53,1991,DF
2411,Luke Harris,53,2005,MF
2412,Brennan Johnson,53,2001,FW
2413,Brennan Johnson,53,2001,"FW,MF"
2414,Tom Lockyer,53,1994,DF
2415,Chris Mepham,53,1997,DF
2416,Kieffer Moore,53,1992,"FW,MF"
2417,Rhys Norrington-Davies,53,1999,DF
2418,Connor Roberts,53,1995,DF
2419,Neco Williams,53,2001,DF
2420,Harry Wilson,53,1997,FW
2421,Sheraldo Becker,54,1995,"FW,MF"
2422,Ridgeciano Haps,54,1993,DF
2423,Jeremie Bela,55,1993,"MF,FW"
2424,Zito Luvumbo,55,2002,"FW,MF"
2425,Benson Manuel,55,1997,"MF,FW"
2426,Clinton Mata,55,1992,DF
2427,Randy Nteka,55,1997,"FW,MF"
2428,M'Bala Nzola,55,1996,FW
2429,Anis Ben Slimane,56,2001,MF
2430,Dylan Bronn,56,1995,"DF,MF"
2431,Chaim El Djebali,56,2004,MF
2432,Wahbi Khazri,56,1991,FW
2433,Aissa Laidouni,56,1996,MF
2434,Hannibal Mejbri,56,2003,"MF,FW"
2435,Hannibal Mejbri,56,2003,MF
2436,Hamza Rafia,56,1999,MF
2437,Ellyes Skhiri,56,1995,MF
2438,Montassar Talbi,56,1998,DF
2439,Bartosz Bereszynski,57,1992,DF
2440,Marcin Buka,57,1999,GK
2441,Matty Cash,57,1997,DF
2442,Pawe Dawidowicz,57,1995,DF
2443,ukasz Fabianski,57,1985,GK
2444,Przemysaw Frankowski,57,1995,DF
2445,Robert Gumny,57,1998,DF
2446,Filip Jagieo,57,1997,MF
2447,Kamil Jozwiak,57,1998,MF
2448,Jakub Kaminski,57,2002,"FW,MF"
2449,Jakub Kiwior,57,2000,DF
2450,Dawid Kownacki,57,1997,FW
2451,Robert Lewandowski,57,1988,FW
2452,Karol Linetty,57,1995,MF
2453,Marcin Listkowski,57,1998,FW
2454,Radosaw Majecki,57,1999,GK
2455,Arkadiusz Milik,57,1994,FW
2456,Jakub Moder,57,1999,"MF,DF"
2457,Kamil Piatkowski,57,2000,DF
2458,ukasz Skorupski,57,1991,GK
2459,Karol Swiderski,57,1997,"FW,MF"
2460,Wojciech Szczesny,57,1990,GK
2461,Przemysaw Szyminski,57,1994,MF
2462,Kacper Urbanski,57,2004,"MF,FW"
2463,Sebastian Walukiewicz,57,2000,DF
2464,Mateusz Wieteska,57,1997,DF
2465,Nicola Zalewski,57,2002,"DF,FW"
2466,Piotr Zielinski,57,1994,MF
2467,Szymon Zurkowski,57,1997,MF
2468,Mateusz egowski,57,2003,MF
2469,Matus Bero,58,1995,"MF,FW"
2470,Martin Dubravka,58,1989,GK
2471,Ondrej Duda,58,1994,MF
2472,Dominik Greif,58,1997,GK
2473,Norbert Gyomber,58,1992,DF
2474,Stanislav Lobotka,58,1994,MF
2475,Adam Obert,58,2002,DF
2476,Milan Skriniar,58,1995,DF
2477,Tomas Suslov,58,2002,"MF,FW"
2478,Martin Valjent,58,1995,DF
2479,Beto,59,1998,FW
2480,Fali Cande,59,1998,DF
2481,Houboulang Mendes,59,1998,DF
2482,Mama Samba Balde,59,1995,"FW,MF"
2483,Marciano Tchami,59,2004,"FW,MF"
2484,Jaka Bijol,60,1999,DF
2485,Kevin Kampl,60,1990,MF
2486,Sandi Lovric,60,1998,MF
2487,Jan Oblak,60,1993,GK
2488,Benjamin Sesko,60,2003,FW
2489,El Bilal Toure,61,2001,FW
2490,Yves Bissouma,61,1996,MF
2491,Mohamed Camara,61,2000,MF
2492,Lassana Coulibaly,61,1996,MF
2493,Moussa Diakite,61,2003,MF
2494,Moussa Diarra,61,2000,DF
2495,Abdoulaye Doucoure,61,1993,"FW,MF"
2496,Cheick Doucoure,61,2000,MF
2497,Sirine Doucoure,61,2002,FW
2498,Kamory Doumbia,61,2003,MF
2499,Amadou Haidara,61,1998,MF
2500,Massadio Haidara,61,1992,DF
2501,Yaya Kader Fofana,61,2004,"MF,DF"
2502,Ibrahima Kebe,61,2000,MF
2503,Habib Keita,61,2002,MF
2504,Cheick Konate,61,2004,DF
2505,Amadou Kone,61,2005,MF
2506,Ibrahima Kone,61,1999,FW
2507,Rominigue Kouame,61,1996,MF
2508,Boubakar Kouyate,61,1997,DF
2509,Falaye Sacko,61,1995,DF
2510,Modibo Sagnan,61,1999,DF
2511,Diadie Samassekou,61,1996,MF
2512,Ibrahima Sissoko,61,1997,MF
2513,Boubacar Traore,61,2001,MF
2514,Hamari Traore,61,1992,DF
2515,Adama Bojang,62,2004,FW
2516,Ablie Jallow,62,1998,"MF,FW"
2517,Nuha Jatta,62,2006,FW
2518,Daniel Boloca,63,1998,MF
2519,Rares-Catalin Burnete,63,2004,FW
2520,Radu Dragusin,63,2002,DF
2521,Ianis Hagi,63,1998,"MF,FW"
2522,Razvan Marin,63,1996,MF
2523,George Puscas,63,1996,FW
2524,Ionut Radu,63,1997,GK
2525,Andrei Ratiu,63,1998,"DF,MF"
2526,Andres Sfait,63,2004,"DF,MF"
2527,Sebastiaan Bornauw,64,1999,DF
2528,Maxime Busi,64,1999,"FW,DF"
2529,Yannick Carrasco,64,1993,DF
2530,Timothy Castagne,64,1995,DF
2531,Koen Casteels,64,1992,GK
2532,Maximiliano Caufriez,64,1997,DF
2533,Thibaut Courtois,64,1992,GK
2534,Ameen Al-Dakhil,64,2002,DF
2535,Kevin De Bruyne,64,1991,MF
2536,Charles De Ketelaere,64,2001,"FW,MF"
2537,Thibault De Smet,64,1998,DF
2538,Koni De Winter,64,2002,DF
2539,Hannes Delcroix,64,1999,DF
2540,Olivier Deman,64,2000,DF
2541,Leander Dendoncker,64,1995,MF
2542,Jeremy Doku,64,2002,"FW,MF"
2543,Jeremy Doku,64,2002,FW
2544,Julien Duranville,64,2006,"FW,MF"
2545,Arne Engels,64,2003,"MF,DF"
2546,Malick Fofana,64,2005,FW
2547,Thomas Foket,64,1994,DF
2548,Thorgan Hazard,64,1993,DF
2549,Adnan Januzaj,64,1995,"FW,MF"
2550,Christian Kabasele,64,1991,DF
2551,Thomas Kaminski,64,1992,GK
2552,Romeo Lavia,64,2004,MF
2553,Romelu Lukaku,64,1993,FW
2554,Dodi Lukebakio,64,1997,"FW,MF"
2555,Senne Lynen,64,1999,MF
2556,Orel Mangala,64,1998,MF
2557,Eliot Matazo,64,2002,MF
2558,Noam Mayoka-Tika,64,2003,MF
2559,Noah Mbamba,64,2005,MF
2560,Thomas Meunier,64,1991,DF
2561,Cyril Ngonge,64,2000,"FW,MF"
2562,Cyril Ngonge,64,2000,FW
2563,Joseph Nonge,64,2005,MF
2564,Amadou Onana,64,2001,MF
2565,Lois Openda,64,2000,FW
2566,Divock Origi,64,1995,FW
2567,Largie Ramazani,64,2001,"FW,MF"
2568,Alexis Saelemaekers,64,1999,"FW,MF"
2569,Albert Sambi Lokonga,64,1999,MF
2570,Matz Sels,64,1992,GK
2571,Ayanda Sishuba,64,2005,"MF,FW"
2572,Arthur Theate,64,2000,DF
2573,Youri Tielemans,64,1997,"MF,FW"
2574,Mike Tresor,64,1999,"FW,MF"
2575,Leandro Trossard,64,1994,"FW,MF"
2576,Siebe Van Der Heyden,64,1998,DF
2577,Arthur Vermeeren,64,2005,MF
2578,Yorbe Vertessen,64,2001,"FW,MF"
2579,Aster Vranckx,64,2002,MF
2580,Axel Witsel,64,1989,DF
2581,Rafael Borre,65,1995,FW
2582,Oscar Cortes,65,2003,"FW,MF"
2583,Juan Cuadrado,65,1988,DF
2584,Juan David Cabal,65,2001,DF
2585,Luis Diaz,65,1997,FW
2586,Jhon Duran,65,2003,"FW,MF"
2587,Bernardo Espinosa,65,1989,DF
2588,Oscar Estupinan,65,1996,FW
2589,Radamel Falcao,65,1986,"FW,DF"
2590,Luis Javier Suarez,65,1997,FW
2591,Jefferson Lerma,65,1994,"MF,DF"
2592,Jhon Lucumi,65,1998,DF
2593,Deiver Machado,65,1993,DF
2594,Yerry Mina,65,1994,"DF,MF"
2595,Yerry Mina,65,1994,DF
2596,Johan Mojica,65,1992,DF
2597,Yerson Mosquera,65,2001,DF
2598,Daniel Munoz,65,1996,"DF,MF"
2599,Luis Muriel,65,1991,"FW,MF"
2600,Gustavo Puerta,65,2003,"DF,MF"
2601,Davinson Sanchez,65,1996,DF
2602,Luis Sinisterra,65,1999,"FW,MF"
2603,Jhon Solis,65,2004,MF
2604,Duvan Zapata,65,1991,FW
2605,Conor Bradley,66,2003,DF
2606,Jonny Evans,66,1988,DF
2607,Oliver Norwood,66,1991,MF
2608,Claudio Bravo,67,1983,GK
2609,Ben Brereton,67,1999,"FW,MF"
2610,Pablo Galdames Millan,67,1996,"MF,DF"
2611,Guillermo Maripan,67,1994,DF
2612,Alexis Sanchez,67,1988,"FW,MF"
2613,Gabriel Suazo,67,1997,DF
2614,Tajon Buchanan,68,1999,DF
2615,Theo Corbeanu,68,2002,"MF,FW"
2616,Jonathan David,68,2000,FW
2617,Alphonso Davies,68,2000,DF
2618,Cyle Larin,68,1995,FW
2619,Liberato Cacace,69,2000,DF
2620,Chris Wood,69,1991,FW
2621,Moises Caicedo,70,2001,MF
2622,Jhoanner Chavez,70,2002,DF
2623,Pervis Estupinan,70,1998,DF
2624,Piero Hincapie,70,2002,DF
2625,Willian Pacho,70,2001,DF
2626,Hakan Calhanoglu,71,1994,MF
2627,Zeki Celik,71,1997,DF
2628,Arda Guler,71,2005,"FW,MF"
2629,Ozan Kabak,71,2000,DF
2630,Berkan Kutlu,71,1998,MF
2631,Salih Ozcan,71,1998,MF
2632,Cenk Ozkacar,71,2000,DF
2633,Caglar Soyuncu,71,1996,DF
2634,Enes Unal,71,1997,"FW,MF"
2635,Yusuf Yazc,71,1997,"MF,FW"
2636,Bertug Yldrm,71,2002,FW
2637,Kenan Yldz,71,2005,"FW,DF"
2638,Thomas Cannon,72,2002,FW
2639,Seamus Coleman,72,1988,DF
2640,Nathan Collins,72,2001,DF
2641,Josh Cullen,72,1996,MF
2642,Sam Curtis,72,2005,DF
2643,Matt Doherty,72,1992,"DF,MF"
2644,Festy Ebosele,72,2002,DF
2645,John Egan,72,1992,DF
2646,Evan Ferguson,72,2004,FW
2647,Nathan Fraser,72,2005,FW
2648,Caoimhin Kelleher,72,1998,GK
2649,Alex Murphy,72,2004,"DF,FW"
2650,Jake O'Brien,72,2001,DF
2651,Mark O'Mahony,72,2005,FW
2652,Dara O'Shea,72,1999,DF
2653,Michael Obafemi,72,2000,"FW,MF"
2654,Chiedozie Ogbene,72,1997,"MF,DF"
2655,Andrew Omobamidele,72,2002,DF
2656,Mark Travers,72,1999,GK
2657,Tawanda Chirewa,73,2003,"MF,FW"
2658,Tino Kadewere,73,1996,"FW,MF"
2659,Marshall Munetsi,73,1996,MF
2660,Marvelous Nakamba,73,1994,MF
2661,Jordan Zemura,73,1999,DF
2662,Saul Coco,74,1999,DF
2663,Omar Mascarell,74,1993,MF
2664,Pedro Obiang,74,1992,MF
2665,Jesus Owono,74,2001,GK
2666,Pepin,74,1996,"MF,FW"
2667,Raimane Daou,75,2004,"DF,MF"
2668,Adel Mahamoud,75,2003,FW
2669,Gregoire Defrel,76,1991,"FW,MF"
2670,Christophe Herelle,76,1992,DF
2671,Jeremy Sebas,76,2003,"FW,MF"
2672,Stole Dimitrievski,77,1993,GK
2673,Elif Elmas,77,1999,"FW,MF"
2674,Elif Elmas,77,1999,"MF,FW"
2675,Artem Dovbyk,78,1997,FW
2676,Viktor Kovalenko,78,1996,MF
2677,Andriy Lunin,78,1999,GK
2678,Ruslan Malinovskyi,78,1993,MF
2679,Mykhailo Mudryk,78,2001,FW
2680,Vitaliy Mykolenko,78,1999,DF
2681,Ivan Ordets,78,1992,DF
2682,Eduard Sobol,78,1995,DF
2683,Viktor Tsyhankov,78,1997,"MF,FW"
2684,Roman Yaremchuk,78,1995,FW
2685,Yehor Yarmoliuk,78,2004,MF
2686,Illia Zabarnyi,78,2002,DF
2687,Oleksandr Zinchenko,78,1996,DF
2688,Jean-Kevin Duverne,79,1997,DF
2689,Danley Jean-Jacques,79,2000,MF
2690,Mohamed Elneny,80,1992,MF
2691,Omar Marmoush,80,1999,"FW,MF"
2692,Mostafa Mohamed,80,1997,FW
2693,Mohamed Salah,80,1992,FW
2694,Peter Federico,81,2002,"MF,FW"
2695,Mariano,81,1993,"FW,MF"
2696,Lyle Foster,82,2000,"FW,MF"
2697,Lebo Mothiba,82,1996,FW
2698,Denis Genreau,83,1999,"MF,FW"
2699,Gvidas Gineitis,84,2004,MF
2700,Aleksandr Golovin,85,1996,"MF,FW"
2701,Daler Kuzyaev,85,1993,MF
2702,Aleksei Miranchuk,85,1995,"MF,FW"
2703,Arsen Zakharyan,85,2003,"MF,FW"
2704,Ilia Gruev,86,2000,MF
2705,Peter Gulacsi,87,1990,GK
2706,Milos Kerkez,87,2003,DF
2707,Loic Nego,87,1991,"DF,MF"
2708,Willi Orban,87,1992,DF
2709,Roland Sallai,87,1997,"MF,FW"
2710,Andras Schafer,87,1999,MF
2711,Attila Szalai,87,1998,DF
2712,Dominik Szoboszlai,87,2000,MF
2713,Antal Yaakobishvili,87,2004,DF
2714,Hwang Hee-chan,88,1996,"FW,MF"
2715,Son Heung-min,88,1992,FW
2716,Lee Jae-sung,88,1992,"MF,FW"
2717,Lee Kang-in,88,2001,"FW,MF"
2718,Kim Min-jae,88,1996,DF
2719,Jeong Woo-yeong,88,1999,"MF,FW"
2720,Gerrit Holtmann,89,1995,"MF,FW"
2721,Lukas Hradecky,90,1989,GK
2722,Fredrik Jensen,90,1997,"MF,FW"
2723,Naatan Skytta,90,2002,"MF,FW"
2724,Yayah Kallon,91,2001,FW
2725,Grigoris Kastanos,92,1998,"MF,DF"
2726,Zanos Savva,92,2005,"DF,MF"
2727,Abdukodir Khusanov,93,2004,DF
2728,Eldor Shomurodov,93,1995,"FW,MF"
2729,Geoffrey Kondogbia,94,1993,MF
2730,Nikola Krstovic,95,2000,FW
2731,Adam Marusic,95,1992,DF
2732,Milutin Osmajic,95,1999,MF
2733,Stefan Savic,95,1991,DF
2734,Khvicha Kvaratskhelia,96,2001,FW
2735,Giorgi Kvernadze,96,2003,"FW,DF"
2736,Giorgi Mamardashvili,96,2000,GK
2737,Georges Mikautadze,96,2000,FW
2738,Saba Sazonov,96,2002,DF
2739,Kenny Lala,97,1991,DF
2740,Bruno Langa,98,1997,DF
2741,Reinildo Mandava,98,1994,DF
2742,Gianluca Lapadula,99,1990,FW
2743,Renato Tapia,99,1995,"MF,DF"
2744,Anthony Lozano,100,1993,"MF,FW"
2745,Anthony Lozano,100,1993,FW
2746,Antoine Makoumbou,101,1998,MF
2747,Nolan Mbemba,101,1995,MF
2748,Rabby Nzingoula,101,2005,"MF,FW"
2749,Arijanet Muric,102,1998,GK
2750,Vedat Muriqi,102,1994,FW
2751,Florent Muslija,102,1998,"MF,FW"
2752,Leart Paqarada,102,1994,DF
2753,Elba Rashani,102,1993,"MF,FW"
2754,Amir Rrahmani,102,1994,DF
2755,Mergim Vojvoda,102,1995,DF
2756,Edon Zhegrova,102,1999,FW
2757,Youssouf Ndayishimiye,103,1998,"MF,DF"
2758,Joseph Okumu,104,1997,DF
2759,Aiham Ousou,105,2000,DF
2760,Yoann Salmier,106,1992,DF
2761,Musa Al-Taamari,107,1997,FW
2762,Teddy Teuma,108,1993,MF